"LOCATION","Country","VARIABLE","Variable","FREQUENCY","Frequency","TIME","Time","Unit Code","Unit","PowerCode Code","PowerCode","Reference Period Code","Reference Period","Value","Flag Codes","Flags"
"NOR","Norway","UNR","Unemployment rate","Q","Quarterly","2019-Q1","Q1-2019","PC","Percentage","0","Units",,,3.7970191625,,
"NOR","Norway","UNR","Unemployment rate","Q","Quarterly","2019-Q2","Q2-2019","PC","Percentage","0","Units",,,3.3856022808,,
"NOR","Norway","UNR","Unemployment rate","Q","Quarterly","2019-Q3","Q3-2019","PC","Percentage","0","Units",,,3.7179936864,,
"NOR","Norway","UNR","Unemployment rate","Q","Quarterly","2019-Q4","Q4-2019","PC","Percentage","0","Units",,,3.9690902705,,
"NOR","Norway","UNR","Unemployment rate","Q","Quarterly","2020-Q1","Q1-2020","PC","Percentage","0","Units",,,3.5475939586,,
"NOR","Norway","UNR","Unemployment rate","Q","Quarterly","2020-Q2","Q2-2020","PC","Percentage","0","Units",,,4.6050301098,,
"NOR","Norway","UNR","Unemployment rate","Q","Quarterly","2020-Q3","Q3-2020","PC","Percentage","0","Units",,,5.2761167781,,
"NOR","Norway","UNR","Unemployment rate","Q","Quarterly","2020-Q4","Q4-2020","PC","Percentage","0","Units",,,5.047318612,,
"NOR","Norway","UNR","Unemployment rate","Q","Quarterly","2021-Q1","Q1-2021","PC","Percentage","0","Units",,,4.738330976,,
"NOR","Norway","UNR","Unemployment rate","Q","Quarterly","2021-Q2","Q2-2021","PC","Percentage","0","Units",,,5,,
"NOR","Norway","UNR","Unemployment rate","Q","Quarterly","2021-Q3","Q3-2021","PC","Percentage","0","Units",,,4.0138408304,,
"NOR","Norway","UNR","Unemployment rate","Q","Quarterly","2021-Q4","Q4-2021","PC","Percentage","0","Units",,,3.4482758621,,
"NOR","Norway","UNR","Unemployment rate","Q","Quarterly","2022-Q1","Q1-2022","PC","Percentage","0","Units",,,3.0927835052,,
"NOR","Norway","UNR","Unemployment rate","Q","Quarterly","2022-Q2","Q2-2022","PC","Percentage","0","Units",,,2.7541162483,,
"NOR","Norway","UNR","Unemployment rate","Q","Quarterly","2022-Q3","Q3-2022","PC","Percentage","0","Units",,,2.7055661316,,
"NOR","Norway","UNR","Unemployment rate","Q","Quarterly","2022-Q4","Q4-2022","PC","Percentage","0","Units",,,2.7347107448,,
"NOR","Norway","UNR","Unemployment rate","Q","Quarterly","2023-Q1","Q1-2023","PC","Percentage","0","Units",,,2.7541366065,,
"NOR","Norway","UNR","Unemployment rate","Q","Quarterly","2023-Q2","Q2-2023","PC","Percentage","0","Units",,,2.7735585884,,
"NOR","Norway","UNR","Unemployment rate","Q","Quarterly","2023-Q3","Q3-2023","PC","Percentage","0","Units",,,2.8123947943,,
"NOR","Norway","UNR","Unemployment rate","Q","Quarterly","2023-Q4","Q4-2023","PC","Percentage","0","Units",,,2.8512154874,,
"FIN","Finland","UNR","Unemployment rate","Q","Quarterly","2019-Q1","Q1-2019","PC","Percentage","0","Units",,,6.6642075495,,
"FIN","Finland","UNR","Unemployment rate","Q","Quarterly","2019-Q2","Q2-2019","PC","Percentage","0","Units",,,6.8643129536,,
"FIN","Finland","UNR","Unemployment rate","Q","Quarterly","2019-Q3","Q3-2019","PC","Percentage","0","Units",,,6.6854759568,,
"FIN","Finland","UNR","Unemployment rate","Q","Quarterly","2019-Q4","Q4-2019","PC","Percentage","0","Units",,,6.7423964822,,
"FIN","Finland","UNR","Unemployment rate","Q","Quarterly","2020-Q1","Q1-2020","PC","Percentage","0","Units",,,6.7067927773,,
"FIN","Finland","UNR","Unemployment rate","Q","Quarterly","2020-Q2","Q2-2020","PC","Percentage","0","Units",,,7.8185691016,,
"FIN","Finland","UNR","Unemployment rate","Q","Quarterly","2020-Q3","Q3-2020","PC","Percentage","0","Units",,,8.4049079755,,
"FIN","Finland","UNR","Unemployment rate","Q","Quarterly","2020-Q4","Q4-2020","PC","Percentage","0","Units",,,8.1665039063,,
"FIN","Finland","UNR","Unemployment rate","Q","Quarterly","2021-Q1","Q1-2021","PC","Percentage","0","Units",,,7.9829372334,,
"FIN","Finland","UNR","Unemployment rate","Q","Quarterly","2021-Q2","Q2-2021","PC","Percentage","0","Units",,,8.011083002,,
"FIN","Finland","UNR","Unemployment rate","Q","Quarterly","2021-Q3","Q3-2021","PC","Percentage","0","Units",,,7.5792264128,,
"FIN","Finland","UNR","Unemployment rate","Q","Quarterly","2021-Q4","Q4-2021","PC","Percentage","0","Units",,,6.9736842105,,
"FIN","Finland","UNR","Unemployment rate","Q","Quarterly","2022-Q1","Q1-2022","PC","Percentage","0","Units",,,6.680210325,,
"FIN","Finland","UNR","Unemployment rate","Q","Quarterly","2022-Q2","Q2-2022","PC","Percentage","0","Units",,,6.9167642925,,
"FIN","Finland","UNR","Unemployment rate","Q","Quarterly","2022-Q3","Q3-2022","PC","Percentage","0","Units",,,7.43456723,,
"FIN","Finland","UNR","Unemployment rate","Q","Quarterly","2022-Q4","Q4-2022","PC","Percentage","0","Units",,,7.8277334809,,
"FIN","Finland","UNR","Unemployment rate","Q","Quarterly","2023-Q1","Q1-2023","PC","Percentage","0","Units",,,7.873533379,,
"FIN","Finland","UNR","Unemployment rate","Q","Quarterly","2023-Q2","Q2-2023","PC","Percentage","0","Units",,,7.8277334809,,
"FIN","Finland","UNR","Unemployment rate","Q","Quarterly","2023-Q3","Q3-2023","PC","Percentage","0","Units",,,7.7133046243,,
"FIN","Finland","UNR","Unemployment rate","Q","Quarterly","2023-Q4","Q4-2023","PC","Percentage","0","Units",,,7.5530244354,,
"DEU","Germany","UNR","Unemployment rate","Q","Quarterly","2019-Q1","Q1-2019","PC","Percentage","0","Units",,,3.2258064516,,
"DEU","Germany","UNR","Unemployment rate","Q","Quarterly","2019-Q2","Q2-2019","PC","Percentage","0","Units",,,3.1192519926,,
"DEU","Germany","UNR","Unemployment rate","Q","Quarterly","2019-Q3","Q3-2019","PC","Percentage","0","Units",,,3.0773941667,,
"DEU","Germany","UNR","Unemployment rate","Q","Quarterly","2019-Q4","Q4-2019","PC","Percentage","0","Units",,,3.2511638556,,
"DEU","Germany","UNR","Unemployment rate","Q","Quarterly","2020-Q1","Q1-2020","PC","Percentage","0","Units",,,3.5248340581,,
"DEU","Germany","UNR","Unemployment rate","Q","Quarterly","2020-Q2","Q2-2020","PC","Percentage","0","Units",,,3.8420245399,,
"DEU","Germany","UNR","Unemployment rate","Q","Quarterly","2020-Q3","Q3-2020","PC","Percentage","0","Units",,,4.064665127,,
"DEU","Germany","UNR","Unemployment rate","Q","Quarterly","2020-Q4","Q4-2020","PC","Percentage","0","Units",,,4.0513375599,,
"DEU","Germany","UNR","Unemployment rate","Q","Quarterly","2021-Q1","Q1-2021","PC","Percentage","0","Units",,,3.9189715621,,
"DEU","Germany","UNR","Unemployment rate","Q","Quarterly","2021-Q2","Q2-2021","PC","Percentage","0","Units",,,3.7253072017,,
"DEU","Germany","UNR","Unemployment rate","Q","Quarterly","2021-Q3","Q3-2021","PC","Percentage","0","Units",,,3.4530814494,,
"DEU","Germany","UNR","Unemployment rate","Q","Quarterly","2021-Q4","Q4-2021","PC","Percentage","0","Units",,,3.2170961271,,
"DEU","Germany","UNR","Unemployment rate","Q","Quarterly","2022-Q1","Q1-2022","PC","Percentage","0","Units",,,3.0042918455,,
"DEU","Germany","UNR","Unemployment rate","Q","Quarterly","2022-Q2","Q2-2022","PC","Percentage","0","Units",,,3.033309309,,
"DEU","Germany","UNR","Unemployment rate","Q","Quarterly","2022-Q3","Q3-2022","PC","Percentage","0","Units",,,3.101003219,,
"DEU","Germany","UNR","Unemployment rate","Q","Quarterly","2022-Q4","Q4-2022","PC","Percentage","0","Units",,,3.1883286293,,
"DEU","Germany","UNR","Unemployment rate","Q","Quarterly","2023-Q1","Q1-2023","PC","Percentage","0","Units",,,3.287596025,,
"DEU","Germany","UNR","Unemployment rate","Q","Quarterly","2023-Q2","Q2-2023","PC","Percentage","0","Units",,,3.3891365169,,
"DEU","Germany","UNR","Unemployment rate","Q","Quarterly","2023-Q3","Q3-2023","PC","Percentage","0","Units",,,3.4929477402,,
"DEU","Germany","UNR","Unemployment rate","Q","Quarterly","2023-Q4","Q4-2023","PC","Percentage","0","Units",,,3.5990271546,,
"AUT","Austria","UNR","Unemployment rate","Q","Quarterly","2019-Q1","Q1-2019","PC","Percentage","0","Units",,,4.6872510001,,
"AUT","Austria","UNR","Unemployment rate","Q","Quarterly","2019-Q2","Q2-2019","PC","Percentage","0","Units",,,4.3940830644,,
"AUT","Austria","UNR","Unemployment rate","Q","Quarterly","2019-Q3","Q3-2019","PC","Percentage","0","Units",,,4.5277878261,,
"AUT","Austria","UNR","Unemployment rate","Q","Quarterly","2019-Q4","Q4-2019","PC","Percentage","0","Units",,,4.3369720818,,
"AUT","Austria","UNR","Unemployment rate","Q","Quarterly","2020-Q1","Q1-2020","PC","Percentage","0","Units",,,4.4191882796,,
"AUT","Austria","UNR","Unemployment rate","Q","Quarterly","2020-Q2","Q2-2020","PC","Percentage","0","Units",,,5.5467091773,,
"AUT","Austria","UNR","Unemployment rate","Q","Quarterly","2020-Q3","Q3-2020","PC","Percentage","0","Units",,,5.8260148236,,
"AUT","Austria","UNR","Unemployment rate","Q","Quarterly","2020-Q4","Q4-2020","PC","Percentage","0","Units",,,5.6573074639,,
"AUT","Austria","UNR","Unemployment rate","Q","Quarterly","2021-Q1","Q1-2021","PC","Percentage","0","Units",,,7.6146463543,,
"AUT","Austria","UNR","Unemployment rate","Q","Quarterly","2021-Q2","Q2-2021","PC","Percentage","0","Units",,,6.4362203508,,
"AUT","Austria","UNR","Unemployment rate","Q","Quarterly","2021-Q3","Q3-2021","PC","Percentage","0","Units",,,5.4067220786,,
"AUT","Austria","UNR","Unemployment rate","Q","Quarterly","2021-Q4","Q4-2021","PC","Percentage","0","Units",,,5.2534069376,,
"AUT","Austria","UNR","Unemployment rate","Q","Quarterly","2022-Q1","Q1-2022","PC","Percentage","0","Units",,,5.3476821545,,
"AUT","Austria","UNR","Unemployment rate","Q","Quarterly","2022-Q2","Q2-2022","PC","Percentage","0","Units",,,5.2765428316,,
"AUT","Austria","UNR","Unemployment rate","Q","Quarterly","2022-Q3","Q3-2022","PC","Percentage","0","Units",,,5.0870959173,,
"AUT","Austria","UNR","Unemployment rate","Q","Quarterly","2022-Q4","Q4-2022","PC","Percentage","0","Units",,,5.1495870643,,
"AUT","Austria","UNR","Unemployment rate","Q","Quarterly","2023-Q1","Q1-2023","PC","Percentage","0","Units",,,5.0547366513,,
"AUT","Austria","UNR","Unemployment rate","Q","Quarterly","2023-Q2","Q2-2023","PC","Percentage","0","Units",,,4.9977694933,,
"AUT","Austria","UNR","Unemployment rate","Q","Quarterly","2023-Q3","Q3-2023","PC","Percentage","0","Units",,,4.9692688242,,
"AUT","Austria","UNR","Unemployment rate","Q","Quarterly","2023-Q4","Q4-2023","PC","Percentage","0","Units",,,4.9692688242,,
"ITA","Italy","UNR","Unemployment rate","Q","Quarterly","2019-Q1","Q1-2019","PC","Percentage","0","Units",,,10.314658659,,
"ITA","Italy","UNR","Unemployment rate","Q","Quarterly","2019-Q2","Q2-2019","PC","Percentage","0","Units",,,9.9358750142,,
"ITA","Italy","UNR","Unemployment rate","Q","Quarterly","2019-Q3","Q3-2019","PC","Percentage","0","Units",,,9.5838315648,,
"ITA","Italy","UNR","Unemployment rate","Q","Quarterly","2019-Q4","Q4-2019","PC","Percentage","0","Units",,,9.6436066779,,
"ITA","Italy","UNR","Unemployment rate","Q","Quarterly","2020-Q1","Q1-2020","PC","Percentage","0","Units",,,8.9913934794,,
"ITA","Italy","UNR","Unemployment rate","Q","Quarterly","2020-Q2","Q2-2020","PC","Percentage","0","Units",,,8.5717438708,,
"ITA","Italy","UNR","Unemployment rate","Q","Quarterly","2020-Q3","Q3-2020","PC","Percentage","0","Units",,,9.9979986213,,
"ITA","Italy","UNR","Unemployment rate","Q","Quarterly","2020-Q4","Q4-2020","PC","Percentage","0","Units",,,9.7505644789,,
"ITA","Italy","UNR","Unemployment rate","Q","Quarterly","2021-Q1","Q1-2021","PC","Percentage","0","Units",,,10.1329185153,,
"ITA","Italy","UNR","Unemployment rate","Q","Quarterly","2021-Q2","Q2-2021","PC","Percentage","0","Units",,,9.7669851306,,
"ITA","Italy","UNR","Unemployment rate","Q","Quarterly","2021-Q3","Q3-2021","PC","Percentage","0","Units",,,9.0479593996,,
"ITA","Italy","UNR","Unemployment rate","Q","Quarterly","2021-Q4","Q4-2021","PC","Percentage","0","Units",,,8.9768628193,,
"ITA","Italy","UNR","Unemployment rate","Q","Quarterly","2022-Q1","Q1-2022","PC","Percentage","0","Units",,,8.4373222088,,
"ITA","Italy","UNR","Unemployment rate","Q","Quarterly","2022-Q2","Q2-2022","PC","Percentage","0","Units",,,9.0306429053,,
"ITA","Italy","UNR","Unemployment rate","Q","Quarterly","2022-Q3","Q3-2022","PC","Percentage","0","Units",,,9.2663382999,,
"ITA","Italy","UNR","Unemployment rate","Q","Quarterly","2022-Q4","Q4-2022","PC","Percentage","0","Units",,,9.3568231283,,
"ITA","Italy","UNR","Unemployment rate","Q","Quarterly","2023-Q1","Q1-2023","PC","Percentage","0","Units",,,9.3929845712,,
"ITA","Italy","UNR","Unemployment rate","Q","Quarterly","2023-Q2","Q2-2023","PC","Percentage","0","Units",,,9.3560165409,,
"ITA","Italy","UNR","Unemployment rate","Q","Quarterly","2023-Q3","Q3-2023","PC","Percentage","0","Units",,,9.3190334274,,
"ITA","Italy","UNR","Unemployment rate","Q","Quarterly","2023-Q4","Q4-2023","PC","Percentage","0","Units",,,9.2820352247,,
"CAN","Canada","UNR","Unemployment rate","Q","Quarterly","2019-Q1","Q1-2019","PC","Percentage","0","Units",,,5.8878047482,,
"CAN","Canada","UNR","Unemployment rate","Q","Quarterly","2019-Q2","Q2-2019","PC","Percentage","0","Units",,,5.5451473743,,
"CAN","Canada","UNR","Unemployment rate","Q","Quarterly","2019-Q3","Q3-2019","PC","Percentage","0","Units",,,5.7282193356,,
"CAN","Canada","UNR","Unemployment rate","Q","Quarterly","2019-Q4","Q4-2019","PC","Percentage","0","Units",,,5.8192024286,,
"CAN","Canada","UNR","Unemployment rate","Q","Quarterly","2020-Q1","Q1-2020","PC","Percentage","0","Units",,,6.3878352244,,
"CAN","Canada","UNR","Unemployment rate","Q","Quarterly","2020-Q2","Q2-2020","PC","Percentage","0","Units",,,12.8713716513,,
"CAN","Canada","UNR","Unemployment rate","Q","Quarterly","2020-Q3","Q3-2020","PC","Percentage","0","Units",,,10.123119242,,
"CAN","Canada","UNR","Unemployment rate","Q","Quarterly","2020-Q4","Q4-2020","PC","Percentage","0","Units",,,8.9239952523,,
"CAN","Canada","UNR","Unemployment rate","Q","Quarterly","2021-Q1","Q1-2021","PC","Percentage","0","Units",,,8.3828896575,,
"CAN","Canada","UNR","Unemployment rate","Q","Quarterly","2021-Q2","Q2-2021","PC","Percentage","0","Units",,,7.8612617888,,
"CAN","Canada","UNR","Unemployment rate","Q","Quarterly","2021-Q3","Q3-2021","PC","Percentage","0","Units",,,7.1883153817,,
"CAN","Canada","UNR","Unemployment rate","Q","Quarterly","2021-Q4","Q4-2021","PC","Percentage","0","Units",,,6.3100495062,,
"CAN","Canada","UNR","Unemployment rate","Q","Quarterly","2022-Q1","Q1-2022","PC","Percentage","0","Units",,,5.7838626126,,
"CAN","Canada","UNR","Unemployment rate","Q","Quarterly","2022-Q2","Q2-2022","PC","Percentage","0","Units",,,5.6052270862,,
"CAN","Canada","UNR","Unemployment rate","Q","Quarterly","2022-Q3","Q3-2022","PC","Percentage","0","Units",,,5.501589747,,
"CAN","Canada","UNR","Unemployment rate","Q","Quarterly","2022-Q4","Q4-2022","PC","Percentage","0","Units",,,5.4449925757,,
"CAN","Canada","UNR","Unemployment rate","Q","Quarterly","2023-Q1","Q1-2023","PC","Percentage","0","Units",,,5.3977953074,,
"CAN","Canada","UNR","Unemployment rate","Q","Quarterly","2023-Q2","Q2-2023","PC","Percentage","0","Units",,,5.3600148742,,
"CAN","Canada","UNR","Unemployment rate","Q","Quarterly","2023-Q3","Q3-2023","PC","Percentage","0","Units",,,5.3316654028,,
"CAN","Canada","UNR","Unemployment rate","Q","Quarterly","2023-Q4","Q4-2023","PC","Percentage","0","Units",,,5.312758206,,
"MEX","Mexico","UNR","Unemployment rate","Q","Quarterly","2019-Q1","Q1-2019","PC","Percentage","0","Units",,,3.4080415024,,
"MEX","Mexico","UNR","Unemployment rate","Q","Quarterly","2019-Q2","Q2-2019","PC","Percentage","0","Units",,,3.5573160484,,
"MEX","Mexico","UNR","Unemployment rate","Q","Quarterly","2019-Q3","Q3-2019","PC","Percentage","0","Units",,,3.4849224198,,
"MEX","Mexico","UNR","Unemployment rate","Q","Quarterly","2019-Q4","Q4-2019","PC","Percentage","0","Units",,,3.4171929376,,
"MEX","Mexico","UNR","Unemployment rate","Q","Quarterly","2020-Q1","Q1-2020","PC","Percentage","0","Units",,,3.4842204197,,
"MEX","Mexico","UNR","Unemployment rate","Q","Quarterly","2020-Q2","Q2-2020","PC","Percentage","0","Units",,,4.9159230724,,
"MEX","Mexico","UNR","Unemployment rate","Q","Quarterly","2020-Q3","Q3-2020","PC","Percentage","0","Units",,,4.9415897702,,
"MEX","Mexico","UNR","Unemployment rate","Q","Quarterly","2020-Q4","Q4-2020","PC","Percentage","0","Units",,,4.4308509277,,
"MEX","Mexico","UNR","Unemployment rate","Q","Quarterly","2021-Q1","Q1-2021","PC","Percentage","0","Units",,,4.4074699598,,
"MEX","Mexico","UNR","Unemployment rate","Q","Quarterly","2021-Q2","Q2-2021","PC","Percentage","0","Units",,,4.3202974771,,
"MEX","Mexico","UNR","Unemployment rate","Q","Quarterly","2021-Q3","Q3-2021","PC","Percentage","0","Units",,,4.0181679828,,
"MEX","Mexico","UNR","Unemployment rate","Q","Quarterly","2021-Q4","Q4-2021","PC","Percentage","0","Units",,,3.8073234133,,
"MEX","Mexico","UNR","Unemployment rate","Q","Quarterly","2022-Q1","Q1-2022","PC","Percentage","0","Units",,,3.5238734603,,
"MEX","Mexico","UNR","Unemployment rate","Q","Quarterly","2022-Q2","Q2-2022","PC","Percentage","0","Units",,,3.5238734603,,
"MEX","Mexico","UNR","Unemployment rate","Q","Quarterly","2022-Q3","Q3-2022","PC","Percentage","0","Units",,,3.6200610242,,
"MEX","Mexico","UNR","Unemployment rate","Q","Quarterly","2022-Q4","Q4-2022","PC","Percentage","0","Units",,,3.6200610242,,
"MEX","Mexico","UNR","Unemployment rate","Q","Quarterly","2023-Q1","Q1-2023","PC","Percentage","0","Units",,,3.715961461,,
"MEX","Mexico","UNR","Unemployment rate","Q","Quarterly","2023-Q2","Q2-2023","PC","Percentage","0","Units",,,3.715961461,,
"MEX","Mexico","UNR","Unemployment rate","Q","Quarterly","2023-Q3","Q3-2023","PC","Percentage","0","Units",,,3.8116712408,,
"MEX","Mexico","UNR","Unemployment rate","Q","Quarterly","2023-Q4","Q4-2023","PC","Percentage","0","Units",,,3.9072858817,,
"EST","Estonia","UNR","Unemployment rate","Q","Quarterly","2019-Q1","Q1-2019","PC","Percentage","0","Units",,,4.7220630759,,
"EST","Estonia","UNR","Unemployment rate","Q","Quarterly","2019-Q2","Q2-2019","PC","Percentage","0","Units",,,4.6838182547,,
"EST","Estonia","UNR","Unemployment rate","Q","Quarterly","2019-Q3","Q3-2019","PC","Percentage","0","Units",,,3.9854706078,,
"EST","Estonia","UNR","Unemployment rate","Q","Quarterly","2019-Q4","Q4-2019","PC","Percentage","0","Units",,,4.3990730634,,
"EST","Estonia","UNR","Unemployment rate","Q","Quarterly","2020-Q1","Q1-2020","PC","Percentage","0","Units",,,5.0126960395,,
"EST","Estonia","UNR","Unemployment rate","Q","Quarterly","2020-Q2","Q2-2020","PC","Percentage","0","Units",,,6.5164292061,,
"EST","Estonia","UNR","Unemployment rate","Q","Quarterly","2020-Q3","Q3-2020","PC","Percentage","0","Units",,,7.7866705046,,
"EST","Estonia","UNR","Unemployment rate","Q","Quarterly","2020-Q4","Q4-2020","PC","Percentage","0","Units",,,7.918921856,,
"EST","Estonia","UNR","Unemployment rate","Q","Quarterly","2021-Q1","Q1-2021","PC","Percentage","0","Units",,,7.1050734548,,
"EST","Estonia","UNR","Unemployment rate","Q","Quarterly","2021-Q2","Q2-2021","PC","Percentage","0","Units",,,6.273952938,,
"EST","Estonia","UNR","Unemployment rate","Q","Quarterly","2021-Q3","Q3-2021","PC","Percentage","0","Units",,,5.7821090115,,
"EST","Estonia","UNR","Unemployment rate","Q","Quarterly","2021-Q4","Q4-2021","PC","Percentage","0","Units",,,5.5459976579,,
"EST","Estonia","UNR","Unemployment rate","Q","Quarterly","2022-Q1","Q1-2022","PC","Percentage","0","Units",,,5.9200729147,,
"EST","Estonia","UNR","Unemployment rate","Q","Quarterly","2022-Q2","Q2-2022","PC","Percentage","0","Units",,,6.7542791647,,
"EST","Estonia","UNR","Unemployment rate","Q","Quarterly","2022-Q3","Q3-2022","PC","Percentage","0","Units",,,7.581088512,,
"EST","Estonia","UNR","Unemployment rate","Q","Quarterly","2022-Q4","Q4-2022","PC","Percentage","0","Units",,,8.1743951043,,
"EST","Estonia","UNR","Unemployment rate","Q","Quarterly","2023-Q1","Q1-2023","PC","Percentage","0","Units",,,8.4471444258,,
"EST","Estonia","UNR","Unemployment rate","Q","Quarterly","2023-Q2","Q2-2023","PC","Percentage","0","Units",,,8.2649496883,,
"EST","Estonia","UNR","Unemployment rate","Q","Quarterly","2023-Q3","Q3-2023","PC","Percentage","0","Units",,,8.1736710313,,
"EST","Estonia","UNR","Unemployment rate","Q","Quarterly","2023-Q4","Q4-2023","PC","Percentage","0","Units",,,8.1736710313,,
"IRL","Ireland","UNR","Unemployment rate","Q","Quarterly","2019-Q1","Q1-2019","PC","Percentage","0","Units",,,4.9297217555,,
"IRL","Ireland","UNR","Unemployment rate","Q","Quarterly","2019-Q2","Q2-2019","PC","Percentage","0","Units",,,5.1384869781,,
"IRL","Ireland","UNR","Unemployment rate","Q","Quarterly","2019-Q3","Q3-2019","PC","Percentage","0","Units",,,4.9798668748,,
"IRL","Ireland","UNR","Unemployment rate","Q","Quarterly","2019-Q4","Q4-2019","PC","Percentage","0","Units",,,4.762291092,,
"IRL","Ireland","UNR","Unemployment rate","Q","Quarterly","2020-Q1","Q1-2020","PC","Percentage","0","Units",,,4.8379973501,,
"IRL","Ireland","UNR","Unemployment rate","Q","Quarterly","2020-Q2","Q2-2020","PC","Percentage","0","Units",,,5.08,,
"IRL","Ireland","UNR","Unemployment rate","Q","Quarterly","2020-Q3","Q3-2020","PC","Percentage","0","Units",,,7.067563081,,
"IRL","Ireland","UNR","Unemployment rate","Q","Quarterly","2020-Q4","Q4-2020","PC","Percentage","0","Units",,,6.2381149235,,
"IRL","Ireland","UNR","Unemployment rate","Q","Quarterly","2021-Q1","Q1-2021","PC","Percentage","0","Units",,,7.3285079783,,
"IRL","Ireland","UNR","Unemployment rate","Q","Quarterly","2021-Q2","Q2-2021","PC","Percentage","0","Units",,,6.8765633065,,
"IRL","Ireland","UNR","Unemployment rate","Q","Quarterly","2021-Q3","Q3-2021","PC","Percentage","0","Units",,,5.4660772631,,
"IRL","Ireland","UNR","Unemployment rate","Q","Quarterly","2021-Q4","Q4-2021","PC","Percentage","0","Units",,,5.1735926461,,
"IRL","Ireland","UNR","Unemployment rate","Q","Quarterly","2022-Q1","Q1-2022","PC","Percentage","0","Units",,,4.9438792747,,
"IRL","Ireland","UNR","Unemployment rate","Q","Quarterly","2022-Q2","Q2-2022","PC","Percentage","0","Units",,,4.8256353334,,
"IRL","Ireland","UNR","Unemployment rate","Q","Quarterly","2022-Q3","Q3-2022","PC","Percentage","0","Units",,,4.8020860641,,
"IRL","Ireland","UNR","Unemployment rate","Q","Quarterly","2022-Q4","Q4-2022","PC","Percentage","0","Units",,,4.8020860641,,
"IRL","Ireland","UNR","Unemployment rate","Q","Quarterly","2023-Q1","Q1-2023","PC","Percentage","0","Units",,,4.8722307124,,
"IRL","Ireland","UNR","Unemployment rate","Q","Quarterly","2023-Q2","Q2-2023","PC","Percentage","0","Units",,,4.9536677039,,
"IRL","Ireland","UNR","Unemployment rate","Q","Quarterly","2023-Q3","Q3-2023","PC","Percentage","0","Units",,,5.011699195,,
"IRL","Ireland","UNR","Unemployment rate","Q","Quarterly","2023-Q4","Q4-2023","PC","Percentage","0","Units",,,5.0696952543,,
"CZE","Czech Republic","UNR","Unemployment rate","Q","Quarterly","2019-Q1","Q1-2019","PC","Percentage","0","Units",,,1.9591931546,,
"CZE","Czech Republic","UNR","Unemployment rate","Q","Quarterly","2019-Q2","Q2-2019","PC","Percentage","0","Units",,,1.9392058342,,
"CZE","Czech Republic","UNR","Unemployment rate","Q","Quarterly","2019-Q3","Q3-2019","PC","Percentage","0","Units",,,2.0498073012,,
"CZE","Czech Republic","UNR","Unemployment rate","Q","Quarterly","2019-Q4","Q4-2019","PC","Percentage","0","Units",,,2.0578058389,,
"CZE","Czech Republic","UNR","Unemployment rate","Q","Quarterly","2020-Q1","Q1-2020","PC","Percentage","0","Units",,,1.9357325152,,
"CZE","Czech Republic","UNR","Unemployment rate","Q","Quarterly","2020-Q2","Q2-2020","PC","Percentage","0","Units",,,2.4688376241,,
"CZE","Czech Republic","UNR","Unemployment rate","Q","Quarterly","2020-Q3","Q3-2020","PC","Percentage","0","Units",,,2.7271775841,,
"CZE","Czech Republic","UNR","Unemployment rate","Q","Quarterly","2020-Q4","Q4-2020","PC","Percentage","0","Units",,,3.033810735,,
"CZE","Czech Republic","UNR","Unemployment rate","Q","Quarterly","2021-Q1","Q1-2021","PC","Percentage","0","Units",,,3.2882042007,,
"CZE","Czech Republic","UNR","Unemployment rate","Q","Quarterly","2021-Q2","Q2-2021","PC","Percentage","0","Units",,,3.1064166044,,
"CZE","Czech Republic","UNR","Unemployment rate","Q","Quarterly","2021-Q3","Q3-2021","PC","Percentage","0","Units",,,2.6258912724,,
"CZE","Czech Republic","UNR","Unemployment rate","Q","Quarterly","2021-Q4","Q4-2021","PC","Percentage","0","Units",,,2.2637681585,,
"CZE","Czech Republic","UNR","Unemployment rate","Q","Quarterly","2022-Q1","Q1-2022","PC","Percentage","0","Units",,,2.3952670741,,
"CZE","Czech Republic","UNR","Unemployment rate","Q","Quarterly","2022-Q2","Q2-2022","PC","Percentage","0","Units",,,2.4431971138,,
"CZE","Czech Republic","UNR","Unemployment rate","Q","Quarterly","2022-Q3","Q3-2022","PC","Percentage","0","Units",,,2.5402685595,,
"CZE","Czech Republic","UNR","Unemployment rate","Q","Quarterly","2022-Q4","Q4-2022","PC","Percentage","0","Units",,,2.5889740724,,
"CZE","Czech Republic","UNR","Unemployment rate","Q","Quarterly","2023-Q1","Q1-2023","PC","Percentage","0","Units",,,2.5889740724,,
"CZE","Czech Republic","UNR","Unemployment rate","Q","Quarterly","2023-Q2","Q2-2023","PC","Percentage","0","Units",,,2.491465538,,
"CZE","Czech Republic","UNR","Unemployment rate","Q","Quarterly","2023-Q3","Q3-2023","PC","Percentage","0","Units",,,2.5595852726,,
"CZE","Czech Republic","UNR","Unemployment rate","Q","Quarterly","2023-Q4","Q4-2023","PC","Percentage","0","Units",,,2.6276574186,,
"ISR","Israel","UNR","Unemployment rate","Q","Quarterly","2019-Q1","Q1-2019","PC","Percentage","0","Units",,,4.0653334706,,
"ISR","Israel","UNR","Unemployment rate","Q","Quarterly","2019-Q2","Q2-2019","PC","Percentage","0","Units",,,3.8673676961,,
"ISR","Israel","UNR","Unemployment rate","Q","Quarterly","2019-Q3","Q3-2019","PC","Percentage","0","Units",,,3.6083754358,,
"ISR","Israel","UNR","Unemployment rate","Q","Quarterly","2019-Q4","Q4-2019","PC","Percentage","0","Units",,,3.7346250726,,
"ISR","Israel","UNR","Unemployment rate","Q","Quarterly","2020-Q1","Q1-2020","PC","Percentage","0","Units",,,3.5264680773,,
"ISR","Israel","UNR","Unemployment rate","Q","Quarterly","2020-Q2","Q2-2020","PC","Percentage","0","Units",,,4.1713758933,,
"ISR","Israel","UNR","Unemployment rate","Q","Quarterly","2020-Q3","Q3-2020","PC","Percentage","0","Units",,,4.7133177289,,
"ISR","Israel","UNR","Unemployment rate","Q","Quarterly","2020-Q4","Q4-2020","PC","Percentage","0","Units",,,4.7436076976,,
"ISR","Israel","UNR","Unemployment rate","Q","Quarterly","2021-Q1","Q1-2021","PC","Percentage","0","Units",,,5.1141719763,,
"ISR","Israel","UNR","Unemployment rate","Q","Quarterly","2021-Q2","Q2-2021","PC","Percentage","0","Units",,,5.321303397,,
"ISR","Israel","UNR","Unemployment rate","Q","Quarterly","2021-Q3","Q3-2021","PC","Percentage","0","Units",,,4.9864429447,,
"ISR","Israel","UNR","Unemployment rate","Q","Quarterly","2021-Q4","Q4-2021","PC","Percentage","0","Units",,,4.4051891089,,
"ISR","Israel","UNR","Unemployment rate","Q","Quarterly","2022-Q1","Q1-2022","PC","Percentage","0","Units",,,3.853515854,,
"ISR","Israel","UNR","Unemployment rate","Q","Quarterly","2022-Q2","Q2-2022","PC","Percentage","0","Units",,,3.7578477105,,
"ISR","Israel","UNR","Unemployment rate","Q","Quarterly","2022-Q3","Q3-2022","PC","Percentage","0","Units",,,3.6620843749,,
"ISR","Israel","UNR","Unemployment rate","Q","Quarterly","2022-Q4","Q4-2022","PC","Percentage","0","Units",,,3.6141550637,,
"ISR","Israel","UNR","Unemployment rate","Q","Quarterly","2023-Q1","Q1-2023","PC","Percentage","0","Units",,,3.6141550637,,
"ISR","Israel","UNR","Unemployment rate","Q","Quarterly","2023-Q2","Q2-2023","PC","Percentage","0","Units",,,3.6141550637,,
"ISR","Israel","UNR","Unemployment rate","Q","Quarterly","2023-Q3","Q3-2023","PC","Percentage","0","Units",,,3.6141550637,,
"ISR","Israel","UNR","Unemployment rate","Q","Quarterly","2023-Q4","Q4-2023","PC","Percentage","0","Units",,,3.6141550637,,
"LUX","Luxembourg","UNR","Unemployment rate","Q","Quarterly","2019-Q1","Q1-2019","PC","Percentage","0","Units",,,5.236399161,,
"LUX","Luxembourg","UNR","Unemployment rate","Q","Quarterly","2019-Q2","Q2-2019","PC","Percentage","0","Units",,,5.4382347067,,
"LUX","Luxembourg","UNR","Unemployment rate","Q","Quarterly","2019-Q3","Q3-2019","PC","Percentage","0","Units",,,5.4052191319,,
"LUX","Luxembourg","UNR","Unemployment rate","Q","Quarterly","2019-Q4","Q4-2019","PC","Percentage","0","Units",,,5.3790302868,,
"LUX","Luxembourg","UNR","Unemployment rate","Q","Quarterly","2020-Q1","Q1-2020","PC","Percentage","0","Units",,,5.6580319673,,
"LUX","Luxembourg","UNR","Unemployment rate","Q","Quarterly","2020-Q2","Q2-2020","PC","Percentage","0","Units",,,6.9609592625,,
"LUX","Luxembourg","UNR","Unemployment rate","Q","Quarterly","2020-Q3","Q3-2020","PC","Percentage","0","Units",,,6.4800183525,,
"LUX","Luxembourg","UNR","Unemployment rate","Q","Quarterly","2020-Q4","Q4-2020","PC","Percentage","0","Units",,,6.3159263418,,
"LUX","Luxembourg","UNR","Unemployment rate","Q","Quarterly","2021-Q1","Q1-2021","PC","Percentage","0","Units",,,6.2504973806,,
"LUX","Luxembourg","UNR","Unemployment rate","Q","Quarterly","2021-Q2","Q2-2021","PC","Percentage","0","Units",,,5.8811373171,,
"LUX","Luxembourg","UNR","Unemployment rate","Q","Quarterly","2021-Q3","Q3-2021","PC","Percentage","0","Units",,,5.5401197513,,
"LUX","Luxembourg","UNR","Unemployment rate","Q","Quarterly","2021-Q4","Q4-2021","PC","Percentage","0","Units",,,5.2275074641,,
"LUX","Luxembourg","UNR","Unemployment rate","Q","Quarterly","2022-Q1","Q1-2022","PC","Percentage","0","Units",,,4.8153715482,,
"LUX","Luxembourg","UNR","Unemployment rate","Q","Quarterly","2022-Q2","Q2-2022","PC","Percentage","0","Units",,,4.6732342235,,
"LUX","Luxembourg","UNR","Unemployment rate","Q","Quarterly","2022-Q3","Q3-2022","PC","Percentage","0","Units",,,4.6352932221,,
"LUX","Luxembourg","UNR","Unemployment rate","Q","Quarterly","2022-Q4","Q4-2022","PC","Percentage","0","Units",,,4.7207355558,,
"LUX","Luxembourg","UNR","Unemployment rate","Q","Quarterly","2023-Q1","Q1-2023","PC","Percentage","0","Units",,,4.8039411477,,
"LUX","Luxembourg","UNR","Unemployment rate","Q","Quarterly","2023-Q2","Q2-2023","PC","Percentage","0","Units",,,4.8965408763,,
"LUX","Luxembourg","UNR","Unemployment rate","Q","Quarterly","2023-Q3","Q3-2023","PC","Percentage","0","Units",,,5.0101184469,,
"LUX","Luxembourg","UNR","Unemployment rate","Q","Quarterly","2023-Q4","Q4-2023","PC","Percentage","0","Units",,,5.1235603771,,
"DNK","Denmark","UNR","Unemployment rate","Q","Quarterly","2019-Q1","Q1-2019","PC","Percentage","0","Units",,,5.2258635961,,
"DNK","Denmark","UNR","Unemployment rate","Q","Quarterly","2019-Q2","Q2-2019","PC","Percentage","0","Units",,,4.9735915493,,
"DNK","Denmark","UNR","Unemployment rate","Q","Quarterly","2019-Q3","Q3-2019","PC","Percentage","0","Units",,,4.92432551,,
"DNK","Denmark","UNR","Unemployment rate","Q","Quarterly","2019-Q4","Q4-2019","PC","Percentage","0","Units",,,5.0559333187,,
"DNK","Denmark","UNR","Unemployment rate","Q","Quarterly","2020-Q1","Q1-2020","PC","Percentage","0","Units",,,4.8065262926,,
"DNK","Denmark","UNR","Unemployment rate","Q","Quarterly","2020-Q2","Q2-2020","PC","Percentage","0","Units",,,5.5370616955,,
"DNK","Denmark","UNR","Unemployment rate","Q","Quarterly","2020-Q3","Q3-2020","PC","Percentage","0","Units",,,6.2911725955,,
"DNK","Denmark","UNR","Unemployment rate","Q","Quarterly","2020-Q4","Q4-2020","PC","Percentage","0","Units",,,5.9450549451,,
"DNK","Denmark","UNR","Unemployment rate","Q","Quarterly","2021-Q1","Q1-2021","PC","Percentage","0","Units",,,5.9193815572,,
"DNK","Denmark","UNR","Unemployment rate","Q","Quarterly","2021-Q2","Q2-2021","PC","Percentage","0","Units",,,5.1214707814,,
"DNK","Denmark","UNR","Unemployment rate","Q","Quarterly","2021-Q3","Q3-2021","PC","Percentage","0","Units",,,4.8615652932,,
"DNK","Denmark","UNR","Unemployment rate","Q","Quarterly","2021-Q4","Q4-2021","PC","Percentage","0","Units",,,5.0686263914,,
"DNK","Denmark","UNR","Unemployment rate","Q","Quarterly","2022-Q1","Q1-2022","PC","Percentage","0","Units",,,4.3176615805,,
"DNK","Denmark","UNR","Unemployment rate","Q","Quarterly","2022-Q2","Q2-2022","PC","Percentage","0","Units",,,4.8142166302,,
"DNK","Denmark","UNR","Unemployment rate","Q","Quarterly","2022-Q3","Q3-2022","PC","Percentage","0","Units",,,5.4316892768,,
"DNK","Denmark","UNR","Unemployment rate","Q","Quarterly","2022-Q4","Q4-2022","PC","Percentage","0","Units",,,5.6676381559,,
"DNK","Denmark","UNR","Unemployment rate","Q","Quarterly","2023-Q1","Q1-2023","PC","Percentage","0","Units",,,5.5734940822,,
"DNK","Denmark","UNR","Unemployment rate","Q","Quarterly","2023-Q2","Q2-2023","PC","Percentage","0","Units",,,5.5372171587,,
"DNK","Denmark","UNR","Unemployment rate","Q","Quarterly","2023-Q3","Q3-2023","PC","Percentage","0","Units",,,5.4975768806,,
"DNK","Denmark","UNR","Unemployment rate","Q","Quarterly","2023-Q4","Q4-2023","PC","Percentage","0","Units",,,5.4579366024,,
"ISL","Iceland","UNR","Unemployment rate","Q","Quarterly","2019-Q1","Q1-2019","PC","Percentage","0","Units",,,3.5423509869,,
"ISL","Iceland","UNR","Unemployment rate","Q","Quarterly","2019-Q2","Q2-2019","PC","Percentage","0","Units",,,3.8009554259,,
"ISL","Iceland","UNR","Unemployment rate","Q","Quarterly","2019-Q3","Q3-2019","PC","Percentage","0","Units",,,4.2272154598,,
"ISL","Iceland","UNR","Unemployment rate","Q","Quarterly","2019-Q4","Q4-2019","PC","Percentage","0","Units",,,4.1495382844,,
"ISL","Iceland","UNR","Unemployment rate","Q","Quarterly","2020-Q1","Q1-2020","PC","Percentage","0","Units",,,4.4649682601,,
"ISL","Iceland","UNR","Unemployment rate","Q","Quarterly","2020-Q2","Q2-2020","PC","Percentage","0","Units",,,6.9154831034,,
"ISL","Iceland","UNR","Unemployment rate","Q","Quarterly","2020-Q3","Q3-2020","PC","Percentage","0","Units",,,6.5369157354,,
"ISL","Iceland","UNR","Unemployment rate","Q","Quarterly","2020-Q4","Q4-2020","PC","Percentage","0","Units",,,7.802592177,,
"ISL","Iceland","UNR","Unemployment rate","Q","Quarterly","2021-Q1","Q1-2021","PC","Percentage","0","Units",,,7.7237307438,,
"ISL","Iceland","UNR","Unemployment rate","Q","Quarterly","2021-Q2","Q2-2021","PC","Percentage","0","Units",,,6.8816694066,,
"ISL","Iceland","UNR","Unemployment rate","Q","Quarterly","2021-Q3","Q3-2021","PC","Percentage","0","Units",,,4.8119742617,,
"ISL","Iceland","UNR","Unemployment rate","Q","Quarterly","2021-Q4","Q4-2021","PC","Percentage","0","Units",,,4.6061169981,,
"ISL","Iceland","UNR","Unemployment rate","Q","Quarterly","2022-Q1","Q1-2022","PC","Percentage","0","Units",,,4.5586337313,,
"ISL","Iceland","UNR","Unemployment rate","Q","Quarterly","2022-Q2","Q2-2022","PC","Percentage","0","Units",,,4.5110794881,,
"ISL","Iceland","UNR","Unemployment rate","Q","Quarterly","2022-Q3","Q3-2022","PC","Percentage","0","Units",,,4.4634540913,,
"ISL","Iceland","UNR","Unemployment rate","Q","Quarterly","2022-Q4","Q4-2022","PC","Percentage","0","Units",,,4.4634540913,,
"ISL","Iceland","UNR","Unemployment rate","Q","Quarterly","2023-Q1","Q1-2023","PC","Percentage","0","Units",,,4.4634540913,,
"ISL","Iceland","UNR","Unemployment rate","Q","Quarterly","2023-Q2","Q2-2023","PC","Percentage","0","Units",,,4.4634540913,,
"ISL","Iceland","UNR","Unemployment rate","Q","Quarterly","2023-Q3","Q3-2023","PC","Percentage","0","Units",,,4.4634540913,,
"ISL","Iceland","UNR","Unemployment rate","Q","Quarterly","2023-Q4","Q4-2023","PC","Percentage","0","Units",,,4.4634540913,,
"BEL","Belgium","UNR","Unemployment rate","Q","Quarterly","2019-Q1","Q1-2019","PC","Percentage","0","Units",,,5.6333333333,,
"BEL","Belgium","UNR","Unemployment rate","Q","Quarterly","2019-Q2","Q2-2019","PC","Percentage","0","Units",,,5.5666666667,,
"BEL","Belgium","UNR","Unemployment rate","Q","Quarterly","2019-Q3","Q3-2019","PC","Percentage","0","Units",,,5.2333333333,,
"BEL","Belgium","UNR","Unemployment rate","Q","Quarterly","2019-Q4","Q4-2019","PC","Percentage","0","Units",,,5.3666666667,,
"BEL","Belgium","UNR","Unemployment rate","Q","Quarterly","2020-Q1","Q1-2020","PC","Percentage","0","Units",,,5.1333333333,,
"BEL","Belgium","UNR","Unemployment rate","Q","Quarterly","2020-Q2","Q2-2020","PC","Percentage","0","Units",,,5.4666666667,,
"BEL","Belgium","UNR","Unemployment rate","Q","Quarterly","2020-Q3","Q3-2020","PC","Percentage","0","Units",,,6.4,,
"BEL","Belgium","UNR","Unemployment rate","Q","Quarterly","2020-Q4","Q4-2020","PC","Percentage","0","Units",,,6,,
"BEL","Belgium","UNR","Unemployment rate","Q","Quarterly","2021-Q1","Q1-2021","PC","Percentage","0","Units",,,6.7,,
"BEL","Belgium","UNR","Unemployment rate","Q","Quarterly","2021-Q2","Q2-2021","PC","Percentage","0","Units",,,6.3333333333,,
"BEL","Belgium","UNR","Unemployment rate","Q","Quarterly","2021-Q3","Q3-2021","PC","Percentage","0","Units",,,6.2666666667,,
"BEL","Belgium","UNR","Unemployment rate","Q","Quarterly","2021-Q4","Q4-2021","PC","Percentage","0","Units",,,5.8,,
"BEL","Belgium","UNR","Unemployment rate","Q","Quarterly","2022-Q1","Q1-2022","PC","Percentage","0","Units",,,5.6,,
"BEL","Belgium","UNR","Unemployment rate","Q","Quarterly","2022-Q2","Q2-2022","PC","Percentage","0","Units",,,6.0553972407,,
"BEL","Belgium","UNR","Unemployment rate","Q","Quarterly","2022-Q3","Q3-2022","PC","Percentage","0","Units",,,6.1482349863,,
"BEL","Belgium","UNR","Unemployment rate","Q","Quarterly","2022-Q4","Q4-2022","PC","Percentage","0","Units",,,6.2177589382,,
"BEL","Belgium","UNR","Unemployment rate","Q","Quarterly","2023-Q1","Q1-2023","PC","Percentage","0","Units",,,6.2872313877,,
"BEL","Belgium","UNR","Unemployment rate","Q","Quarterly","2023-Q2","Q2-2023","PC","Percentage","0","Units",,,6.380897067,,
"BEL","Belgium","UNR","Unemployment rate","Q","Quarterly","2023-Q3","Q3-2023","PC","Percentage","0","Units",,,6.4276365093,,
"BEL","Belgium","UNR","Unemployment rate","Q","Quarterly","2023-Q4","Q4-2023","PC","Percentage","0","Units",,,6.4276365093,,
"GBR","United Kingdom","UNR","Unemployment rate","Q","Quarterly","2019-Q1","Q1-2019","PC","Percentage","0","Units",,,3.8182085601,,
"GBR","United Kingdom","UNR","Unemployment rate","Q","Quarterly","2019-Q2","Q2-2019","PC","Percentage","0","Units",,,3.8927943761,,
"GBR","United Kingdom","UNR","Unemployment rate","Q","Quarterly","2019-Q3","Q3-2019","PC","Percentage","0","Units",,,3.8345224463,,
"GBR","United Kingdom","UNR","Unemployment rate","Q","Quarterly","2019-Q4","Q4-2019","PC","Percentage","0","Units",,,3.7664728399,,
"GBR","United Kingdom","UNR","Unemployment rate","Q","Quarterly","2020-Q1","Q1-2020","PC","Percentage","0","Units",,,3.9986041237,,
"GBR","United Kingdom","UNR","Unemployment rate","Q","Quarterly","2020-Q2","Q2-2020","PC","Percentage","0","Units",,,4.1367752558,,
"GBR","United Kingdom","UNR","Unemployment rate","Q","Quarterly","2020-Q3","Q3-2020","PC","Percentage","0","Units",,,4.8501426513,,
"GBR","United Kingdom","UNR","Unemployment rate","Q","Quarterly","2020-Q4","Q4-2020","PC","Percentage","0","Units",,,5.2183142192,,
"GBR","United Kingdom","UNR","Unemployment rate","Q","Quarterly","2021-Q1","Q1-2021","PC","Percentage","0","Units",,,4.8856180174,,
"GBR","United Kingdom","UNR","Unemployment rate","Q","Quarterly","2021-Q2","Q2-2021","PC","Percentage","0","Units",,,4.7231078049,,
"GBR","United Kingdom","UNR","Unemployment rate","Q","Quarterly","2021-Q3","Q3-2021","PC","Percentage","0","Units",,,4.2652772872,,
"GBR","United Kingdom","UNR","Unemployment rate","Q","Quarterly","2021-Q4","Q4-2021","PC","Percentage","0","Units",,,4.0608387478,,
"GBR","United Kingdom","UNR","Unemployment rate","Q","Quarterly","2022-Q1","Q1-2022","PC","Percentage","0","Units",,,3.7132298596,,
"GBR","United Kingdom","UNR","Unemployment rate","Q","Quarterly","2022-Q2","Q2-2022","PC","Percentage","0","Units",,,3.7987407202,,
"GBR","United Kingdom","UNR","Unemployment rate","Q","Quarterly","2022-Q3","Q3-2022","PC","Percentage","0","Units",,,3.8937077617,,
"GBR","United Kingdom","UNR","Unemployment rate","Q","Quarterly","2022-Q4","Q4-2022","PC","Percentage","0","Units",,,3.9885810545,,
"GBR","United Kingdom","UNR","Unemployment rate","Q","Quarterly","2023-Q1","Q1-2023","PC","Percentage","0","Units",,,4.104497099,,
"GBR","United Kingdom","UNR","Unemployment rate","Q","Quarterly","2023-Q2","Q2-2023","PC","Percentage","0","Units",,,4.2202731963,,
"GBR","United Kingdom","UNR","Unemployment rate","Q","Quarterly","2023-Q3","Q3-2023","PC","Percentage","0","Units",,,4.3359095153,,
"GBR","United Kingdom","UNR","Unemployment rate","Q","Quarterly","2023-Q4","Q4-2023","PC","Percentage","0","Units",,,4.4514062249,,
"NLD","Netherlands","UNR","Unemployment rate","Q","Quarterly","2019-Q1","Q1-2019","PC","Percentage","0","Units",,,4.4662921348,,
"NLD","Netherlands","UNR","Unemployment rate","Q","Quarterly","2019-Q2","Q2-2019","PC","Percentage","0","Units",,,4.353765324,,
"NLD","Netherlands","UNR","Unemployment rate","Q","Quarterly","2019-Q3","Q3-2019","PC","Percentage","0","Units",,,4.4932844933,,
"NLD","Netherlands","UNR","Unemployment rate","Q","Quarterly","2019-Q4","Q4-2019","PC","Percentage","0","Units",,,4.4289287203,,
"NLD","Netherlands","UNR","Unemployment rate","Q","Quarterly","2020-Q1","Q1-2020","PC","Percentage","0","Units",,,4.0306901819,,
"NLD","Netherlands","UNR","Unemployment rate","Q","Quarterly","2020-Q2","Q2-2020","PC","Percentage","0","Units",,,4.8346948077,,
"NLD","Netherlands","UNR","Unemployment rate","Q","Quarterly","2020-Q3","Q3-2020","PC","Percentage","0","Units",,,5.5011460721,,
"NLD","Netherlands","UNR","Unemployment rate","Q","Quarterly","2020-Q4","Q4-2020","PC","Percentage","0","Units",,,5.093025673,,
"NLD","Netherlands","UNR","Unemployment rate","Q","Quarterly","2021-Q1","Q1-2021","PC","Percentage","0","Units",,,4.6336729743,,
"NLD","Netherlands","UNR","Unemployment rate","Q","Quarterly","2021-Q2","Q2-2021","PC","Percentage","0","Units",,,4.3371238386,,
"NLD","Netherlands","UNR","Unemployment rate","Q","Quarterly","2021-Q3","Q3-2021","PC","Percentage","0","Units",,,4.1247762016,,
"NLD","Netherlands","UNR","Unemployment rate","Q","Quarterly","2021-Q4","Q4-2021","PC","Percentage","0","Units",,,3.801109513,,
"NLD","Netherlands","UNR","Unemployment rate","Q","Quarterly","2022-Q1","Q1-2022","PC","Percentage","0","Units",,,3.464840556,,
"NLD","Netherlands","UNR","Unemployment rate","Q","Quarterly","2022-Q2","Q2-2022","PC","Percentage","0","Units",,,3.6573333964,,
"NLD","Netherlands","UNR","Unemployment rate","Q","Quarterly","2022-Q3","Q3-2022","PC","Percentage","0","Units",,,3.9165513334,,
"NLD","Netherlands","UNR","Unemployment rate","Q","Quarterly","2022-Q4","Q4-2022","PC","Percentage","0","Units",,,4.2322062668,,
"NLD","Netherlands","UNR","Unemployment rate","Q","Quarterly","2023-Q1","Q1-2023","PC","Percentage","0","Units",,,4.3753569301,,
"NLD","Netherlands","UNR","Unemployment rate","Q","Quarterly","2023-Q2","Q2-2023","PC","Percentage","0","Units",,,4.4421272544,,
"NLD","Netherlands","UNR","Unemployment rate","Q","Quarterly","2023-Q3","Q3-2023","PC","Percentage","0","Units",,,4.4421272544,,
"NLD","Netherlands","UNR","Unemployment rate","Q","Quarterly","2023-Q4","Q4-2023","PC","Percentage","0","Units",,,4.4421272544,,
"SWE","Sweden","UNR","Unemployment rate","Q","Quarterly","2019-Q1","Q1-2019","PC","Percentage","0","Units",,,6.9368093986,,
"SWE","Sweden","UNR","Unemployment rate","Q","Quarterly","2019-Q2","Q2-2019","PC","Percentage","0","Units",,,6.6191615073,,
"SWE","Sweden","UNR","Unemployment rate","Q","Quarterly","2019-Q3","Q3-2019","PC","Percentage","0","Units",,,7.1354882032,,
"SWE","Sweden","UNR","Unemployment rate","Q","Quarterly","2019-Q4","Q4-2019","PC","Percentage","0","Units",,,7.1963480312,,
"SWE","Sweden","UNR","Unemployment rate","Q","Quarterly","2020-Q1","Q1-2020","PC","Percentage","0","Units",,,7.3837311952,,
"SWE","Sweden","UNR","Unemployment rate","Q","Quarterly","2020-Q2","Q2-2020","PC","Percentage","0","Units",,,8.6345972319,,
"SWE","Sweden","UNR","Unemployment rate","Q","Quarterly","2020-Q3","Q3-2020","PC","Percentage","0","Units",,,9.2367937053,,
"SWE","Sweden","UNR","Unemployment rate","Q","Quarterly","2020-Q4","Q4-2020","PC","Percentage","0","Units",,,8.884639898,,
"SWE","Sweden","UNR","Unemployment rate","Q","Quarterly","2021-Q1","Q1-2021","PC","Percentage","0","Units",,,9.1805959302,,
"SWE","Sweden","UNR","Unemployment rate","Q","Quarterly","2021-Q2","Q2-2021","PC","Percentage","0","Units",,,9.1935976797,,
"SWE","Sweden","UNR","Unemployment rate","Q","Quarterly","2021-Q3","Q3-2021","PC","Percentage","0","Units",,,8.6278037663,,
"SWE","Sweden","UNR","Unemployment rate","Q","Quarterly","2021-Q4","Q4-2021","PC","Percentage","0","Units",,,8.2019022032,,
"SWE","Sweden","UNR","Unemployment rate","Q","Quarterly","2022-Q1","Q1-2022","PC","Percentage","0","Units",,,7.6700339113,,
"SWE","Sweden","UNR","Unemployment rate","Q","Quarterly","2022-Q2","Q2-2022","PC","Percentage","0","Units",,,7.3049076356,,
"SWE","Sweden","UNR","Unemployment rate","Q","Quarterly","2022-Q3","Q3-2022","PC","Percentage","0","Units",,,7.2792193521,,
"SWE","Sweden","UNR","Unemployment rate","Q","Quarterly","2022-Q4","Q4-2022","PC","Percentage","0","Units",,,7.3616678673,,
"SWE","Sweden","UNR","Unemployment rate","Q","Quarterly","2023-Q1","Q1-2023","PC","Percentage","0","Units",,,7.1239720123,,
"SWE","Sweden","UNR","Unemployment rate","Q","Quarterly","2023-Q2","Q2-2023","PC","Percentage","0","Units",,,7.0533295413,,
"SWE","Sweden","UNR","Unemployment rate","Q","Quarterly","2023-Q3","Q3-2023","PC","Percentage","0","Units",,,7.3936611944,,
"SWE","Sweden","UNR","Unemployment rate","Q","Quarterly","2023-Q4","Q4-2023","PC","Percentage","0","Units",,,7.8421334081,,
"USA","United States","UNR","Unemployment rate","Q","Quarterly","2019-Q1","Q1-2019","PC","Percentage","0","Units",,,3.8318060754,,
"USA","United States","UNR","Unemployment rate","Q","Quarterly","2019-Q2","Q2-2019","PC","Percentage","0","Units",,,3.6315136527,,
"USA","United States","UNR","Unemployment rate","Q","Quarterly","2019-Q3","Q3-2019","PC","Percentage","0","Units",,,3.6119293003,,
"USA","United States","UNR","Unemployment rate","Q","Quarterly","2019-Q4","Q4-2019","PC","Percentage","0","Units",,,3.6017211083,,
"USA","United States","UNR","Unemployment rate","Q","Quarterly","2020-Q1","Q1-2020","PC","Percentage","0","Units",,,3.8037842652,,
"USA","United States","UNR","Unemployment rate","Q","Quarterly","2020-Q2","Q2-2020","PC","Percentage","0","Units",,,12.985912286,,
"USA","United States","UNR","Unemployment rate","Q","Quarterly","2020-Q3","Q3-2020","PC","Percentage","0","Units",,,8.8178840655,,
"USA","United States","UNR","Unemployment rate","Q","Quarterly","2020-Q4","Q4-2020","PC","Percentage","0","Units",,,6.7796715653,,
"USA","United States","UNR","Unemployment rate","Q","Quarterly","2021-Q1","Q1-2021","PC","Percentage","0","Units",,,6.2062788097,,
"USA","United States","UNR","Unemployment rate","Q","Quarterly","2021-Q2","Q2-2021","PC","Percentage","0","Units",,,5.8961301986,,
"USA","United States","UNR","Unemployment rate","Q","Quarterly","2021-Q3","Q3-2021","PC","Percentage","0","Units",,,5.0942395081,,
"USA","United States","UNR","Unemployment rate","Q","Quarterly","2021-Q4","Q4-2021","PC","Percentage","0","Units",,,4.2172293891,,
"USA","United States","UNR","Unemployment rate","Q","Quarterly","2022-Q1","Q1-2022","PC","Percentage","0","Units",,,3.8068471632,,
"USA","United States","UNR","Unemployment rate","Q","Quarterly","2022-Q2","Q2-2022","PC","Percentage","0","Units",,,3.617824975,,
"USA","United States","UNR","Unemployment rate","Q","Quarterly","2022-Q3","Q3-2022","PC","Percentage","0","Units",,,3.5226325874,,
"USA","United States","UNR","Unemployment rate","Q","Quarterly","2022-Q4","Q4-2022","PC","Percentage","0","Units",,,3.5107122353,,
"USA","United States","UNR","Unemployment rate","Q","Quarterly","2023-Q1","Q1-2023","PC","Percentage","0","Units",,,3.5823007261,,
"USA","United States","UNR","Unemployment rate","Q","Quarterly","2023-Q2","Q2-2023","PC","Percentage","0","Units",,,3.7016150238,,
"USA","United States","UNR","Unemployment rate","Q","Quarterly","2023-Q3","Q3-2023","PC","Percentage","0","Units",,,3.8446682312,,
"USA","United States","UNR","Unemployment rate","Q","Quarterly","2023-Q4","Q4-2023","PC","Percentage","0","Units",,,4.0113777925,,
"KOR","Korea","UNR","Unemployment rate","Q","Quarterly","2019-Q1","Q1-2019","PC","Percentage","0","Units",,,3.87208246,,
"KOR","Korea","UNR","Unemployment rate","Q","Quarterly","2019-Q2","Q2-2019","PC","Percentage","0","Units",,,3.8672855082,,
"KOR","Korea","UNR","Unemployment rate","Q","Quarterly","2019-Q3","Q3-2019","PC","Percentage","0","Units",,,3.6612335453,,
"KOR","Korea","UNR","Unemployment rate","Q","Quarterly","2019-Q4","Q4-2019","PC","Percentage","0","Units",,,3.6544748948,,
"KOR","Korea","UNR","Unemployment rate","Q","Quarterly","2020-Q1","Q1-2020","PC","Percentage","0","Units",,,3.5961024744,,
"KOR","Korea","UNR","Unemployment rate","Q","Quarterly","2020-Q2","Q2-2020","PC","Percentage","0","Units",,,4.0729241895,,
"KOR","Korea","UNR","Unemployment rate","Q","Quarterly","2020-Q3","Q3-2020","PC","Percentage","0","Units",,,3.7746131452,,
"KOR","Korea","UNR","Unemployment rate","Q","Quarterly","2020-Q4","Q4-2020","PC","Percentage","0","Units",,,4.3334053254,,
"KOR","Korea","UNR","Unemployment rate","Q","Quarterly","2021-Q1","Q1-2021","PC","Percentage","0","Units",,,4.2919896948,,
"KOR","Korea","UNR","Unemployment rate","Q","Quarterly","2021-Q2","Q2-2021","PC","Percentage","0","Units",,,3.6677902485,,
"KOR","Korea","UNR","Unemployment rate","Q","Quarterly","2021-Q3","Q3-2021","PC","Percentage","0","Units",,,3.1469182254,,
"KOR","Korea","UNR","Unemployment rate","Q","Quarterly","2021-Q4","Q4-2021","PC","Percentage","0","Units",,,3.4056687075,,
"KOR","Korea","UNR","Unemployment rate","Q","Quarterly","2022-Q1","Q1-2022","PC","Percentage","0","Units",,,2.9998759376,,
"KOR","Korea","UNR","Unemployment rate","Q","Quarterly","2022-Q2","Q2-2022","PC","Percentage","0","Units",,,3.2320956859,,
"KOR","Korea","UNR","Unemployment rate","Q","Quarterly","2022-Q3","Q3-2022","PC","Percentage","0","Units",,,3.2803589799,,
"KOR","Korea","UNR","Unemployment rate","Q","Quarterly","2022-Q4","Q4-2022","PC","Percentage","0","Units",,,3.2417676019,,
"KOR","Korea","UNR","Unemployment rate","Q","Quarterly","2023-Q1","Q1-2023","PC","Percentage","0","Units",,,3.1163206067,,
"KOR","Korea","UNR","Unemployment rate","Q","Quarterly","2023-Q2","Q2-2023","PC","Percentage","0","Units",,,3.0637254482,,
"KOR","Korea","UNR","Unemployment rate","Q","Quarterly","2023-Q3","Q3-2023","PC","Percentage","0","Units",,,3.0637254482,,
"KOR","Korea","UNR","Unemployment rate","Q","Quarterly","2023-Q4","Q4-2023","PC","Percentage","0","Units",,,3.0926760529,,
"HUN","Hungary","UNR","Unemployment rate","Q","Quarterly","2019-Q1","Q1-2019","PC","Percentage","0","Units",,,3.317999209,,
"HUN","Hungary","UNR","Unemployment rate","Q","Quarterly","2019-Q2","Q2-2019","PC","Percentage","0","Units",,,3.2817285854,,
"HUN","Hungary","UNR","Unemployment rate","Q","Quarterly","2019-Q3","Q3-2019","PC","Percentage","0","Units",,,3.3438827351,,
"HUN","Hungary","UNR","Unemployment rate","Q","Quarterly","2019-Q4","Q4-2019","PC","Percentage","0","Units",,,3.3057679088,,
"HUN","Hungary","UNR","Unemployment rate","Q","Quarterly","2020-Q1","Q1-2020","PC","Percentage","0","Units",,,3.475233489,,
"HUN","Hungary","UNR","Unemployment rate","Q","Quarterly","2020-Q2","Q2-2020","PC","Percentage","0","Units",,,4.5314562253,,
"HUN","Hungary","UNR","Unemployment rate","Q","Quarterly","2020-Q3","Q3-2020","PC","Percentage","0","Units",,,4.288709443,,
"HUN","Hungary","UNR","Unemployment rate","Q","Quarterly","2020-Q4","Q4-2020","PC","Percentage","0","Units",,,4.2188214746,,
"HUN","Hungary","UNR","Unemployment rate","Q","Quarterly","2021-Q1","Q1-2021","PC","Percentage","0","Units",,,4.2869314049,,
"HUN","Hungary","UNR","Unemployment rate","Q","Quarterly","2021-Q2","Q2-2021","PC","Percentage","0","Units",,,4.1361723301,,
"HUN","Hungary","UNR","Unemployment rate","Q","Quarterly","2021-Q3","Q3-2021","PC","Percentage","0","Units",,,3.9179567845,,
"HUN","Hungary","UNR","Unemployment rate","Q","Quarterly","2021-Q4","Q4-2021","PC","Percentage","0","Units",,,3.8601917723,,
"HUN","Hungary","UNR","Unemployment rate","Q","Quarterly","2022-Q1","Q1-2022","PC","Percentage","0","Units",,,3.8362376635,,
"HUN","Hungary","UNR","Unemployment rate","Q","Quarterly","2022-Q2","Q2-2022","PC","Percentage","0","Units",,,3.7883354009,,
"HUN","Hungary","UNR","Unemployment rate","Q","Quarterly","2022-Q3","Q3-2022","PC","Percentage","0","Units",,,3.7644110762,,
"HUN","Hungary","UNR","Unemployment rate","Q","Quarterly","2022-Q4","Q4-2022","PC","Percentage","0","Units",,,3.7644110762,,
"HUN","Hungary","UNR","Unemployment rate","Q","Quarterly","2023-Q1","Q1-2023","PC","Percentage","0","Units",,,3.7644110762,,
"HUN","Hungary","UNR","Unemployment rate","Q","Quarterly","2023-Q2","Q2-2023","PC","Percentage","0","Units",,,3.7644110762,,
"HUN","Hungary","UNR","Unemployment rate","Q","Quarterly","2023-Q3","Q3-2023","PC","Percentage","0","Units",,,3.7405992251,,
"HUN","Hungary","UNR","Unemployment rate","Q","Quarterly","2023-Q4","Q4-2023","PC","Percentage","0","Units",,,3.6929814016,,
"PRT","Portugal","UNR","Unemployment rate","Q","Quarterly","2019-Q1","Q1-2019","PC","Percentage","0","Units",,,6.7026118031,,
"PRT","Portugal","UNR","Unemployment rate","Q","Quarterly","2019-Q2","Q2-2019","PC","Percentage","0","Units",,,6.819734972,,
"PRT","Portugal","UNR","Unemployment rate","Q","Quarterly","2019-Q3","Q3-2019","PC","Percentage","0","Units",,,6.4282415096,,
"PRT","Portugal","UNR","Unemployment rate","Q","Quarterly","2019-Q4","Q4-2019","PC","Percentage","0","Units",,,6.5951102527,,
"PRT","Portugal","UNR","Unemployment rate","Q","Quarterly","2020-Q1","Q1-2020","PC","Percentage","0","Units",,,6.6783910909,,
"PRT","Portugal","UNR","Unemployment rate","Q","Quarterly","2020-Q2","Q2-2020","PC","Percentage","0","Units",,,6.0760095891,,
"PRT","Portugal","UNR","Unemployment rate","Q","Quarterly","2020-Q3","Q3-2020","PC","Percentage","0","Units",,,8.0895066912,,
"PRT","Portugal","UNR","Unemployment rate","Q","Quarterly","2020-Q4","Q4-2020","PC","Percentage","0","Units",,,7.0067949716,,
"PRT","Portugal","UNR","Unemployment rate","Q","Quarterly","2021-Q1","Q1-2021","PC","Percentage","0","Units",,,7.0256935565,,
"PRT","Portugal","UNR","Unemployment rate","Q","Quarterly","2021-Q2","Q2-2021","PC","Percentage","0","Units",,,7.0529981315,,
"PRT","Portugal","UNR","Unemployment rate","Q","Quarterly","2021-Q3","Q3-2021","PC","Percentage","0","Units",,,6.2376248869,,
"PRT","Portugal","UNR","Unemployment rate","Q","Quarterly","2021-Q4","Q4-2021","PC","Percentage","0","Units",,,6.001689707,,
"PRT","Portugal","UNR","Unemployment rate","Q","Quarterly","2022-Q1","Q1-2022","PC","Percentage","0","Units",,,5.825328416,,
"PRT","Portugal","UNR","Unemployment rate","Q","Quarterly","2022-Q2","Q2-2022","PC","Percentage","0","Units",,,5.7876886592,,
"PRT","Portugal","UNR","Unemployment rate","Q","Quarterly","2022-Q3","Q3-2022","PC","Percentage","0","Units",,,5.7500338585,,
"PRT","Portugal","UNR","Unemployment rate","Q","Quarterly","2022-Q4","Q4-2022","PC","Percentage","0","Units",,,5.7312026964,,
"PRT","Portugal","UNR","Unemployment rate","Q","Quarterly","2023-Q1","Q1-2023","PC","Percentage","0","Units",,,5.7312026964,,
"PRT","Portugal","UNR","Unemployment rate","Q","Quarterly","2023-Q2","Q2-2023","PC","Percentage","0","Units",,,5.7312026964,,
"PRT","Portugal","UNR","Unemployment rate","Q","Quarterly","2023-Q3","Q3-2023","PC","Percentage","0","Units",,,5.7312026964,,
"PRT","Portugal","UNR","Unemployment rate","Q","Quarterly","2023-Q4","Q4-2023","PC","Percentage","0","Units",,,5.7312026964,,
"JPN","Japan","UNR","Unemployment rate","Q","Quarterly","2019-Q1","Q1-2019","PC","Percentage","0","Units",,,2.4714644999,,
"JPN","Japan","UNR","Unemployment rate","Q","Quarterly","2019-Q2","Q2-2019","PC","Percentage","0","Units",,,2.3524297169,,
"JPN","Japan","UNR","Unemployment rate","Q","Quarterly","2019-Q3","Q3-2019","PC","Percentage","0","Units",,,2.3042807559,,
"JPN","Japan","UNR","Unemployment rate","Q","Quarterly","2019-Q4","Q4-2019","PC","Percentage","0","Units",,,2.2811314412,,
"JPN","Japan","UNR","Unemployment rate","Q","Quarterly","2020-Q1","Q1-2020","PC","Percentage","0","Units",,,2.471510314,,
"JPN","Japan","UNR","Unemployment rate","Q","Quarterly","2020-Q2","Q2-2020","PC","Percentage","0","Units",,,2.7360645381,,
"JPN","Japan","UNR","Unemployment rate","Q","Quarterly","2020-Q3","Q3-2020","PC","Percentage","0","Units",,,2.9374758033,,
"JPN","Japan","UNR","Unemployment rate","Q","Quarterly","2020-Q4","Q4-2020","PC","Percentage","0","Units",,,2.987012987,,
"JPN","Japan","UNR","Unemployment rate","Q","Quarterly","2021-Q1","Q1-2021","PC","Percentage","0","Units",,,2.9018286814,,
"JPN","Japan","UNR","Unemployment rate","Q","Quarterly","2021-Q2","Q2-2021","PC","Percentage","0","Units",,,2.9269939242,,
"JPN","Japan","UNR","Unemployment rate","Q","Quarterly","2021-Q3","Q3-2021","PC","Percentage","0","Units",,,2.7683997299,,
"JPN","Japan","UNR","Unemployment rate","Q","Quarterly","2021-Q4","Q4-2021","PC","Percentage","0","Units",,,2.6801725391,,
"JPN","Japan","UNR","Unemployment rate","Q","Quarterly","2022-Q1","Q1-2022","PC","Percentage","0","Units",,,2.720364006,,
"JPN","Japan","UNR","Unemployment rate","Q","Quarterly","2022-Q2","Q2-2022","PC","Percentage","0","Units",,,2.66,,
"JPN","Japan","UNR","Unemployment rate","Q","Quarterly","2022-Q3","Q3-2022","PC","Percentage","0","Units",,,2.62,,
"JPN","Japan","UNR","Unemployment rate","Q","Quarterly","2022-Q4","Q4-2022","PC","Percentage","0","Units",,,2.58,,
"JPN","Japan","UNR","Unemployment rate","Q","Quarterly","2023-Q1","Q1-2023","PC","Percentage","0","Units",,,2.54,,
"JPN","Japan","UNR","Unemployment rate","Q","Quarterly","2023-Q2","Q2-2023","PC","Percentage","0","Units",,,2.5,,
"JPN","Japan","UNR","Unemployment rate","Q","Quarterly","2023-Q3","Q3-2023","PC","Percentage","0","Units",,,2.47,,
"JPN","Japan","UNR","Unemployment rate","Q","Quarterly","2023-Q4","Q4-2023","PC","Percentage","0","Units",,,2.44,,
"AUS","Australia","UNR","Unemployment rate","Q","Quarterly","2019-Q1","Q1-2019","PC","Percentage","0","Units",,,5.0873370446,,
"AUS","Australia","UNR","Unemployment rate","Q","Quarterly","2019-Q2","Q2-2019","PC","Percentage","0","Units",,,5.1841469749,,
"AUS","Australia","UNR","Unemployment rate","Q","Quarterly","2019-Q3","Q3-2019","PC","Percentage","0","Units",,,5.2001055197,,
"AUS","Australia","UNR","Unemployment rate","Q","Quarterly","2019-Q4","Q4-2019","PC","Percentage","0","Units",,,5.158314129,,
"AUS","Australia","UNR","Unemployment rate","Q","Quarterly","2020-Q1","Q1-2020","PC","Percentage","0","Units",,,5.257948343,,
"AUS","Australia","UNR","Unemployment rate","Q","Quarterly","2020-Q2","Q2-2020","PC","Percentage","0","Units",,,6.8420650038,,
"AUS","Australia","UNR","Unemployment rate","Q","Quarterly","2020-Q3","Q3-2020","PC","Percentage","0","Units",,,6.9932453191,,
"AUS","Australia","UNR","Unemployment rate","Q","Quarterly","2020-Q4","Q4-2020","PC","Percentage","0","Units",,,6.7482298639,,
"AUS","Australia","UNR","Unemployment rate","Q","Quarterly","2021-Q1","Q1-2021","PC","Percentage","0","Units",,,6.0531359389,,
"AUS","Australia","UNR","Unemployment rate","Q","Quarterly","2021-Q2","Q2-2021","PC","Percentage","0","Units",,,5.1272428989,,
"AUS","Australia","UNR","Unemployment rate","Q","Quarterly","2021-Q3","Q3-2021","PC","Percentage","0","Units",,,4.6072023244,,
"AUS","Australia","UNR","Unemployment rate","Q","Quarterly","2021-Q4","Q4-2021","PC","Percentage","0","Units",,,4.6651656153,,
"AUS","Australia","UNR","Unemployment rate","Q","Quarterly","2022-Q1","Q1-2022","PC","Percentage","0","Units",,,4.1525075782,,
"AUS","Australia","UNR","Unemployment rate","Q","Quarterly","2022-Q2","Q2-2022","PC","Percentage","0","Units",,,4.0635024027,,
"AUS","Australia","UNR","Unemployment rate","Q","Quarterly","2022-Q3","Q3-2022","PC","Percentage","0","Units",,,4.0635024027,,
"AUS","Australia","UNR","Unemployment rate","Q","Quarterly","2022-Q4","Q4-2022","PC","Percentage","0","Units",,,4.0348275503,,
"AUS","Australia","UNR","Unemployment rate","Q","Quarterly","2023-Q1","Q1-2023","PC","Percentage","0","Units",,,4.0348275503,,
"AUS","Australia","UNR","Unemployment rate","Q","Quarterly","2023-Q2","Q2-2023","PC","Percentage","0","Units",,,4.0348275503,,
"AUS","Australia","UNR","Unemployment rate","Q","Quarterly","2023-Q3","Q3-2023","PC","Percentage","0","Units",,,4.0348275503,,
"AUS","Australia","UNR","Unemployment rate","Q","Quarterly","2023-Q4","Q4-2023","PC","Percentage","0","Units",,,4.0348275503,,
"CHE","Switzerland","UNR","Unemployment rate","Q","Quarterly","2019-Q1","Q1-2019","PC","Percentage","0","Units",,,4.619665013,,
"CHE","Switzerland","UNR","Unemployment rate","Q","Quarterly","2019-Q2","Q2-2019","PC","Percentage","0","Units",,,4.3713650739,,
"CHE","Switzerland","UNR","Unemployment rate","Q","Quarterly","2019-Q3","Q3-2019","PC","Percentage","0","Units",,,4.3788965083,,
"CHE","Switzerland","UNR","Unemployment rate","Q","Quarterly","2019-Q4","Q4-2019","PC","Percentage","0","Units",,,4.185532321,,
"CHE","Switzerland","UNR","Unemployment rate","Q","Quarterly","2020-Q1","Q1-2020","PC","Percentage","0","Units",,,4.2110820423,,
"CHE","Switzerland","UNR","Unemployment rate","Q","Quarterly","2020-Q2","Q2-2020","PC","Percentage","0","Units",,,4.7832303354,,
"CHE","Switzerland","UNR","Unemployment rate","Q","Quarterly","2020-Q3","Q3-2020","PC","Percentage","0","Units",,,5.0296356724,,
"CHE","Switzerland","UNR","Unemployment rate","Q","Quarterly","2020-Q4","Q4-2020","PC","Percentage","0","Units",,,5.3000130699,,
"CHE","Switzerland","UNR","Unemployment rate","Q","Quarterly","2021-Q1","Q1-2021","PC","Percentage","0","Units",,,5.4723681682,,
"CHE","Switzerland","UNR","Unemployment rate","Q","Quarterly","2021-Q2","Q2-2021","PC","Percentage","0","Units",,,5.2322476983,,
"CHE","Switzerland","UNR","Unemployment rate","Q","Quarterly","2021-Q3","Q3-2021","PC","Percentage","0","Units",,,4.8952551782,,
"CHE","Switzerland","UNR","Unemployment rate","Q","Quarterly","2021-Q4","Q4-2021","PC","Percentage","0","Units",,,4.7605225897,,
"CHE","Switzerland","UNR","Unemployment rate","Q","Quarterly","2022-Q1","Q1-2022","PC","Percentage","0","Units",,,4.7605225897,,
"CHE","Switzerland","UNR","Unemployment rate","Q","Quarterly","2022-Q2","Q2-2022","PC","Percentage","0","Units",,,4.7415127139,,
"CHE","Switzerland","UNR","Unemployment rate","Q","Quarterly","2022-Q3","Q3-2022","PC","Percentage","0","Units",,,4.7224990438,,
"CHE","Switzerland","UNR","Unemployment rate","Q","Quarterly","2022-Q4","Q4-2022","PC","Percentage","0","Units",,,4.7129903112,,
"CHE","Switzerland","UNR","Unemployment rate","Q","Quarterly","2023-Q1","Q1-2023","PC","Percentage","0","Units",,,4.7129903112,,
"CHE","Switzerland","UNR","Unemployment rate","Q","Quarterly","2023-Q2","Q2-2023","PC","Percentage","0","Units",,,4.6177984933,,
"CHE","Switzerland","UNR","Unemployment rate","Q","Quarterly","2023-Q3","Q3-2023","PC","Percentage","0","Units",,,4.5225115787,,
"CHE","Switzerland","UNR","Unemployment rate","Q","Quarterly","2023-Q4","Q4-2023","PC","Percentage","0","Units",,,4.4271294724,,
"ESP","Spain","UNR","Unemployment rate","Q","Quarterly","2019-Q1","Q1-2019","PC","Percentage","0","Units",,,14.3136361471,,
"ESP","Spain","UNR","Unemployment rate","Q","Quarterly","2019-Q2","Q2-2019","PC","Percentage","0","Units",,,14.1756499056,,
"ESP","Spain","UNR","Unemployment rate","Q","Quarterly","2019-Q3","Q3-2019","PC","Percentage","0","Units",,,14.0188959843,,
"ESP","Spain","UNR","Unemployment rate","Q","Quarterly","2019-Q4","Q4-2019","PC","Percentage","0","Units",,,13.9093403038,,
"ESP","Spain","UNR","Unemployment rate","Q","Quarterly","2020-Q1","Q1-2020","PC","Percentage","0","Units",,,14.0596829794,,
"ESP","Spain","UNR","Unemployment rate","Q","Quarterly","2020-Q2","Q2-2020","PC","Percentage","0","Units",,,15.4898750374,,
"ESP","Spain","UNR","Unemployment rate","Q","Quarterly","2020-Q3","Q3-2020","PC","Percentage","0","Units",,,16.2818496951,,
"ESP","Spain","UNR","Unemployment rate","Q","Quarterly","2020-Q4","Q4-2020","PC","Percentage","0","Units",,,16.3084654611,,
"ESP","Spain","UNR","Unemployment rate","Q","Quarterly","2021-Q1","Q1-2021","PC","Percentage","0","Units",,,15.6326773867,,
"ESP","Spain","UNR","Unemployment rate","Q","Quarterly","2021-Q2","Q2-2021","PC","Percentage","0","Units",,,15.4306963542,,
"ESP","Spain","UNR","Unemployment rate","Q","Quarterly","2021-Q3","Q3-2021","PC","Percentage","0","Units",,,14.5602763551,,
"ESP","Spain","UNR","Unemployment rate","Q","Quarterly","2021-Q4","Q4-2021","PC","Percentage","0","Units",,,13.5047787226,,
"ESP","Spain","UNR","Unemployment rate","Q","Quarterly","2022-Q1","Q1-2022","PC","Percentage","0","Units",,,13.3607141955,,
"ESP","Spain","UNR","Unemployment rate","Q","Quarterly","2022-Q2","Q2-2022","PC","Percentage","0","Units",,,13.5334744863,,
"ESP","Spain","UNR","Unemployment rate","Q","Quarterly","2022-Q3","Q3-2022","PC","Percentage","0","Units",,,13.7058902899,,
"ESP","Spain","UNR","Unemployment rate","Q","Quarterly","2022-Q4","Q4-2022","PC","Percentage","0","Units",,,13.8779622933,,
"ESP","Spain","UNR","Unemployment rate","Q","Quarterly","2023-Q1","Q1-2023","PC","Percentage","0","Units",,,13.9295323758,,
"ESP","Spain","UNR","Unemployment rate","Q","Quarterly","2023-Q2","Q2-2023","PC","Percentage","0","Units",,,13.9209382202,,
"ESP","Spain","UNR","Unemployment rate","Q","Quarterly","2023-Q3","Q3-2023","PC","Percentage","0","Units",,,13.869342379,,
"ESP","Spain","UNR","Unemployment rate","Q","Quarterly","2023-Q4","Q4-2023","PC","Percentage","0","Units",,,13.8005066886,,
"FRA","France","UNR","Unemployment rate","Q","Quarterly","2019-Q1","Q1-2019","PC","Percentage","0","Units",,,8.8307945569,,
"FRA","France","UNR","Unemployment rate","Q","Quarterly","2019-Q2","Q2-2019","PC","Percentage","0","Units",,,8.4967476223,,
"FRA","France","UNR","Unemployment rate","Q","Quarterly","2019-Q3","Q3-2019","PC","Percentage","0","Units",,,8.4674552935,,
"FRA","France","UNR","Unemployment rate","Q","Quarterly","2019-Q4","Q4-2019","PC","Percentage","0","Units",,,8.2854700999,,
"FRA","France","UNR","Unemployment rate","Q","Quarterly","2020-Q1","Q1-2020","PC","Percentage","0","Units",,,7.9773996421,,
"FRA","France","UNR","Unemployment rate","Q","Quarterly","2020-Q2","Q2-2020","PC","Percentage","0","Units",,,7.2153111471,,
"FRA","France","UNR","Unemployment rate","Q","Quarterly","2020-Q3","Q3-2020","PC","Percentage","0","Units",,,9.1500711464,,
"FRA","France","UNR","Unemployment rate","Q","Quarterly","2020-Q4","Q4-2020","PC","Percentage","0","Units",,,8.1684127456,,
"FRA","France","UNR","Unemployment rate","Q","Quarterly","2021-Q1","Q1-2021","PC","Percentage","0","Units",,,8.2051909839,,
"FRA","France","UNR","Unemployment rate","Q","Quarterly","2021-Q2","Q2-2021","PC","Percentage","0","Units",,,7.9731437213,,
"FRA","France","UNR","Unemployment rate","Q","Quarterly","2021-Q3","Q3-2021","PC","Percentage","0","Units",,,8.028008595,,
"FRA","France","UNR","Unemployment rate","Q","Quarterly","2021-Q4","Q4-2021","PC","Percentage","0","Units",,,7.4478851378,,
"FRA","France","UNR","Unemployment rate","Q","Quarterly","2022-Q1","Q1-2022","PC","Percentage","0","Units",,,7.3,,
"FRA","France","UNR","Unemployment rate","Q","Quarterly","2022-Q2","Q2-2022","PC","Percentage","0","Units",,,7.4389110889,,
"FRA","France","UNR","Unemployment rate","Q","Quarterly","2022-Q3","Q3-2022","PC","Percentage","0","Units",,,7.5129007683,,
"FRA","France","UNR","Unemployment rate","Q","Quarterly","2022-Q4","Q4-2022","PC","Percentage","0","Units",,,7.5591212077,,
"FRA","France","UNR","Unemployment rate","Q","Quarterly","2023-Q1","Q1-2023","PC","Percentage","0","Units",,,7.6330517316,,
"FRA","France","UNR","Unemployment rate","Q","Quarterly","2023-Q2","Q2-2023","PC","Percentage","0","Units",,,7.753092752,,
"FRA","France","UNR","Unemployment rate","Q","Quarterly","2023-Q3","Q3-2023","PC","Percentage","0","Units",,,7.8637669059,,
"FRA","France","UNR","Unemployment rate","Q","Quarterly","2023-Q4","Q4-2023","PC","Percentage","0","Units",,,7.9743082773,,
"NZL","New Zealand","UNR","Unemployment rate","Q","Quarterly","2019-Q1","Q1-2019","PC","Percentage","0","Units",,,4.1562164099,,
"NZL","New Zealand","UNR","Unemployment rate","Q","Quarterly","2019-Q2","Q2-2019","PC","Percentage","0","Units",,,3.9971448965,,
"NZL","New Zealand","UNR","Unemployment rate","Q","Quarterly","2019-Q3","Q3-2019","PC","Percentage","0","Units",,,4.1474654378,,
"NZL","New Zealand","UNR","Unemployment rate","Q","Quarterly","2019-Q4","Q4-2019","PC","Percentage","0","Units",,,4.1018387553,,
"NZL","New Zealand","UNR","Unemployment rate","Q","Quarterly","2020-Q1","Q1-2020","PC","Percentage","0","Units",,,4.1899441341,,
"NZL","New Zealand","UNR","Unemployment rate","Q","Quarterly","2020-Q2","Q2-2020","PC","Percentage","0","Units",,,4.0379213483,,
"NZL","New Zealand","UNR","Unemployment rate","Q","Quarterly","2020-Q3","Q3-2020","PC","Percentage","0","Units",,,5.2705061082,,
"NZL","New Zealand","UNR","Unemployment rate","Q","Quarterly","2020-Q4","Q4-2020","PC","Percentage","0","Units",,,4.9146043918,,
"NZL","New Zealand","UNR","Unemployment rate","Q","Quarterly","2021-Q1","Q1-2021","PC","Percentage","0","Units",,,4.6164526206,,
"NZL","New Zealand","UNR","Unemployment rate","Q","Quarterly","2021-Q2","Q2-2021","PC","Percentage","0","Units",,,3.9473684211,,
"NZL","New Zealand","UNR","Unemployment rate","Q","Quarterly","2021-Q3","Q3-2021","PC","Percentage","0","Units",,,3.3538672142,,
"NZL","New Zealand","UNR","Unemployment rate","Q","Quarterly","2021-Q4","Q4-2021","PC","Percentage","0","Units",,,3.1882070621,,
"NZL","New Zealand","UNR","Unemployment rate","Q","Quarterly","2022-Q1","Q1-2022","PC","Percentage","0","Units",,,3.2191780822,,
"NZL","New Zealand","UNR","Unemployment rate","Q","Quarterly","2022-Q2","Q2-2022","PC","Percentage","0","Units",,,3.1224939444,,
"NZL","New Zealand","UNR","Unemployment rate","Q","Quarterly","2022-Q3","Q3-2022","PC","Percentage","0","Units",,,3.1514905041,,
"NZL","New Zealand","UNR","Unemployment rate","Q","Quarterly","2022-Q4","Q4-2022","PC","Percentage","0","Units",,,3.209448918,,
"NZL","New Zealand","UNR","Unemployment rate","Q","Quarterly","2023-Q1","Q1-2023","PC","Percentage","0","Units",,,3.3252501755,,
"NZL","New Zealand","UNR","Unemployment rate","Q","Quarterly","2023-Q2","Q2-2023","PC","Percentage","0","Units",,,3.450538955,,
"NZL","New Zealand","UNR","Unemployment rate","Q","Quarterly","2023-Q3","Q3-2023","PC","Percentage","0","Units",,,3.5804714401,,
"NZL","New Zealand","UNR","Unemployment rate","Q","Quarterly","2023-Q4","Q4-2023","PC","Percentage","0","Units",,,3.7246250261,,
"SVK","Slovak Republic","UNR","Unemployment rate","Q","Quarterly","2019-Q1","Q1-2019","PC","Percentage","0","Units",,,5.8709225192,,
"SVK","Slovak Republic","UNR","Unemployment rate","Q","Quarterly","2019-Q2","Q2-2019","PC","Percentage","0","Units",,,5.7199924206,,
"SVK","Slovak Republic","UNR","Unemployment rate","Q","Quarterly","2019-Q3","Q3-2019","PC","Percentage","0","Units",,,5.7560424163,,
"SVK","Slovak Republic","UNR","Unemployment rate","Q","Quarterly","2019-Q4","Q4-2019","PC","Percentage","0","Units",,,5.6663573906,,
"SVK","Slovak Republic","UNR","Unemployment rate","Q","Quarterly","2020-Q1","Q1-2020","PC","Percentage","0","Units",,,6.0320735479,,
"SVK","Slovak Republic","UNR","Unemployment rate","Q","Quarterly","2020-Q2","Q2-2020","PC","Percentage","0","Units",,,6.6427532389,,
"SVK","Slovak Republic","UNR","Unemployment rate","Q","Quarterly","2020-Q3","Q3-2020","PC","Percentage","0","Units",,,7.0637435275,,
"SVK","Slovak Republic","UNR","Unemployment rate","Q","Quarterly","2020-Q4","Q4-2020","PC","Percentage","0","Units",,,7.0139296947,,
"SVK","Slovak Republic","UNR","Unemployment rate","Q","Quarterly","2021-Q1","Q1-2021","PC","Percentage","0","Units",,,7.1612864594,,
"SVK","Slovak Republic","UNR","Unemployment rate","Q","Quarterly","2021-Q2","Q2-2021","PC","Percentage","0","Units",,,6.9272899559,,
"SVK","Slovak Republic","UNR","Unemployment rate","Q","Quarterly","2021-Q3","Q3-2021","PC","Percentage","0","Units",,,6.6060023243,,
"SVK","Slovak Republic","UNR","Unemployment rate","Q","Quarterly","2021-Q4","Q4-2021","PC","Percentage","0","Units",,,6.6215746223,,
"SVK","Slovak Republic","UNR","Unemployment rate","Q","Quarterly","2022-Q1","Q1-2022","PC","Percentage","0","Units",,,6.6682171924,,
"SVK","Slovak Republic","UNR","Unemployment rate","Q","Quarterly","2022-Q2","Q2-2022","PC","Percentage","0","Units",,,6.8267702361,,
"SVK","Slovak Republic","UNR","Unemployment rate","Q","Quarterly","2022-Q3","Q3-2022","PC","Percentage","0","Units",,,6.7522837928,,
"SVK","Slovak Republic","UNR","Unemployment rate","Q","Quarterly","2022-Q4","Q4-2022","PC","Percentage","0","Units",,,6.6311465578,,
"SVK","Slovak Republic","UNR","Unemployment rate","Q","Quarterly","2023-Q1","Q1-2023","PC","Percentage","0","Units",,,6.5658210231,,
"SVK","Slovak Republic","UNR","Unemployment rate","Q","Quarterly","2023-Q2","Q2-2023","PC","Percentage","0","Units",,,6.5004497835,,
"SVK","Slovak Republic","UNR","Unemployment rate","Q","Quarterly","2023-Q3","Q3-2023","PC","Percentage","0","Units",,,6.3602004581,,
"SVK","Slovak Republic","UNR","Unemployment rate","Q","Quarterly","2023-Q4","Q4-2023","PC","Percentage","0","Units",,,6.2197407588,,
"POL","Poland","UNR","Unemployment rate","Q","Quarterly","2019-Q1","Q1-2019","PC","Percentage","0","Units",,,3.7699335729,,
"POL","Poland","UNR","Unemployment rate","Q","Quarterly","2019-Q2","Q2-2019","PC","Percentage","0","Units",,,3.347875688,,
"POL","Poland","UNR","Unemployment rate","Q","Quarterly","2019-Q3","Q3-2019","PC","Percentage","0","Units",,,3.1684070917,,
"POL","Poland","UNR","Unemployment rate","Q","Quarterly","2019-Q4","Q4-2019","PC","Percentage","0","Units",,,2.9603389634,,
"POL","Poland","UNR","Unemployment rate","Q","Quarterly","2020-Q1","Q1-2020","PC","Percentage","0","Units",,,2.9719284941,,
"POL","Poland","UNR","Unemployment rate","Q","Quarterly","2020-Q2","Q2-2020","PC","Percentage","0","Units",,,3.2435899326,,
"POL","Poland","UNR","Unemployment rate","Q","Quarterly","2020-Q3","Q3-2020","PC","Percentage","0","Units",,,3.3676066805,,
"POL","Poland","UNR","Unemployment rate","Q","Quarterly","2020-Q4","Q4-2020","PC","Percentage","0","Units",,,3.2188771058,,
"POL","Poland","UNR","Unemployment rate","Q","Quarterly","2021-Q1","Q1-2021","PC","Percentage","0","Units",,,3.7729632616,,
"POL","Poland","UNR","Unemployment rate","Q","Quarterly","2021-Q2","Q2-2021","PC","Percentage","0","Units",,,3.6186063401,,
"POL","Poland","UNR","Unemployment rate","Q","Quarterly","2021-Q3","Q3-2021","PC","Percentage","0","Units",,,3.1026840239,,
"POL","Poland","UNR","Unemployment rate","Q","Quarterly","2021-Q4","Q4-2021","PC","Percentage","0","Units",,,2.9581918615,,
"POL","Poland","UNR","Unemployment rate","Q","Quarterly","2022-Q1","Q1-2022","PC","Percentage","0","Units",,,2.9487842732,,
"POL","Poland","UNR","Unemployment rate","Q","Quarterly","2022-Q2","Q2-2022","PC","Percentage","0","Units",,,2.9346274622,,
"POL","Poland","UNR","Unemployment rate","Q","Quarterly","2022-Q3","Q3-2022","PC","Percentage","0","Units",,,2.9208257713,,
"POL","Poland","UNR","Unemployment rate","Q","Quarterly","2022-Q4","Q4-2022","PC","Percentage","0","Units",,,2.8959377993,,
"POL","Poland","UNR","Unemployment rate","Q","Quarterly","2023-Q1","Q1-2023","PC","Percentage","0","Units",,,2.8959377993,,
"POL","Poland","UNR","Unemployment rate","Q","Quarterly","2023-Q2","Q2-2023","PC","Percentage","0","Units",,,2.8959377993,,
"POL","Poland","UNR","Unemployment rate","Q","Quarterly","2023-Q3","Q3-2023","PC","Percentage","0","Units",,,2.8959377993,,
"POL","Poland","UNR","Unemployment rate","Q","Quarterly","2023-Q4","Q4-2023","PC","Percentage","0","Units",,,2.8959377993,,
"ZAF","South Africa","UNR","Unemployment rate","Q","Quarterly","2019-Q1","Q1-2019","PC","Percentage","0","Units",,,27.8294410278,,
"ZAF","South Africa","UNR","Unemployment rate","Q","Quarterly","2019-Q2","Q2-2019","PC","Percentage","0","Units",,,29.0296075438,,
"ZAF","South Africa","UNR","Unemployment rate","Q","Quarterly","2019-Q3","Q3-2019","PC","Percentage","0","Units",,,28.9117598624,,
"ZAF","South Africa","UNR","Unemployment rate","Q","Quarterly","2019-Q4","Q4-2019","PC","Percentage","0","Units",,,28.9821398128,,
"ZAF","South Africa","UNR","Unemployment rate","Q","Quarterly","2020-Q1","Q1-2020","PC","Percentage","0","Units",,,30.595524441,,
"ZAF","South Africa","UNR","Unemployment rate","Q","Quarterly","2020-Q2","Q2-2020","PC","Percentage","0","Units",,,23.3698552467,,
"ZAF","South Africa","UNR","Unemployment rate","Q","Quarterly","2020-Q3","Q3-2020","PC","Percentage","0","Units",,,30.5738219601,,
"ZAF","South Africa","UNR","Unemployment rate","Q","Quarterly","2020-Q4","Q4-2020","PC","Percentage","0","Units",,,32.2368309305,,
"ZAF","South Africa","UNR","Unemployment rate","Q","Quarterly","2021-Q1","Q1-2021","PC","Percentage","0","Units",,,33.1129739577,,
"ZAF","South Africa","UNR","Unemployment rate","Q","Quarterly","2021-Q2","Q2-2021","PC","Percentage","0","Units",,,34.4753008451,,
"ZAF","South Africa","UNR","Unemployment rate","Q","Quarterly","2021-Q3","Q3-2021","PC","Percentage","0","Units",,,34.6139733102,,
"ZAF","South Africa","UNR","Unemployment rate","Q","Quarterly","2021-Q4","Q4-2021","PC","Percentage","0","Units",,,34.8744313021,,
"ZAF","South Africa","UNR","Unemployment rate","Q","Quarterly","2022-Q1","Q1-2022","PC","Percentage","0","Units",,,34.6931935287,,
"ZAF","South Africa","UNR","Unemployment rate","Q","Quarterly","2022-Q2","Q2-2022","PC","Percentage","0","Units",,,34.5273907335,,
"ZAF","South Africa","UNR","Unemployment rate","Q","Quarterly","2022-Q3","Q3-2022","PC","Percentage","0","Units",,,34.3934245356,,
"ZAF","South Africa","UNR","Unemployment rate","Q","Quarterly","2022-Q4","Q4-2022","PC","Percentage","0","Units",,,34.3233199565,,
"ZAF","South Africa","UNR","Unemployment rate","Q","Quarterly","2023-Q1","Q1-2023","PC","Percentage","0","Units",,,34.2251543169,,
"ZAF","South Africa","UNR","Unemployment rate","Q","Quarterly","2023-Q2","Q2-2023","PC","Percentage","0","Units",,,34.126841951,,
"ZAF","South Africa","UNR","Unemployment rate","Q","Quarterly","2023-Q3","Q3-2023","PC","Percentage","0","Units",,,33.9921880204,,
"ZAF","South Africa","UNR","Unemployment rate","Q","Quarterly","2023-Q4","Q4-2023","PC","Percentage","0","Units",,,33.8250969189,,
"COL","Colombia","UNR","Unemployment rate","Q","Quarterly","2019-Q1","Q1-2019","PC","Percentage","0","Units",,,10.3975903873,,
"COL","Colombia","UNR","Unemployment rate","Q","Quarterly","2019-Q2","Q2-2019","PC","Percentage","0","Units",,,10.0816046563,,
"COL","Colombia","UNR","Unemployment rate","Q","Quarterly","2019-Q3","Q3-2019","PC","Percentage","0","Units",,,10.5156188035,,
"COL","Colombia","UNR","Unemployment rate","Q","Quarterly","2019-Q4","Q4-2019","PC","Percentage","0","Units",,,10.4598820635,,
"COL","Colombia","UNR","Unemployment rate","Q","Quarterly","2020-Q1","Q1-2020","PC","Percentage","0","Units",,,11.3424972846,,
"COL","Colombia","UNR","Unemployment rate","Q","Quarterly","2020-Q2","Q2-2020","PC","Percentage","0","Units",,,20.1027253939,,
"COL","Colombia","UNR","Unemployment rate","Q","Quarterly","2020-Q3","Q3-2020","PC","Percentage","0","Units",,,17.2005631393,,
"COL","Colombia","UNR","Unemployment rate","Q","Quarterly","2020-Q4","Q4-2020","PC","Percentage","0","Units",,,14.7455831389,,
"COL","Colombia","UNR","Unemployment rate","Q","Quarterly","2021-Q1","Q1-2021","PC","Percentage","0","Units",,,14.7787649569,,
"COL","Colombia","UNR","Unemployment rate","Q","Quarterly","2021-Q2","Q2-2021","PC","Percentage","0","Units",,,15.1871317789,,
"COL","Colombia","UNR","Unemployment rate","Q","Quarterly","2021-Q3","Q3-2021","PC","Percentage","0","Units",,,12.5299499275,,
"COL","Colombia","UNR","Unemployment rate","Q","Quarterly","2021-Q4","Q4-2021","PC","Percentage","0","Units",,,12.6935998759,,
"COL","Colombia","UNR","Unemployment rate","Q","Quarterly","2022-Q1","Q1-2022","PC","Percentage","0","Units",,,12.0962041605,,
"COL","Colombia","UNR","Unemployment rate","Q","Quarterly","2022-Q2","Q2-2022","PC","Percentage","0","Units",,,11.8620973321,,
"COL","Colombia","UNR","Unemployment rate","Q","Quarterly","2022-Q3","Q3-2022","PC","Percentage","0","Units",,,11.5084744024,,
"COL","Colombia","UNR","Unemployment rate","Q","Quarterly","2022-Q4","Q4-2022","PC","Percentage","0","Units",,,11.0345011687,,
"COL","Colombia","UNR","Unemployment rate","Q","Quarterly","2023-Q1","Q1-2023","PC","Percentage","0","Units",,,10.5839397289,,
"COL","Colombia","UNR","Unemployment rate","Q","Quarterly","2023-Q2","Q2-2023","PC","Percentage","0","Units",,,10.1298142875,,
"COL","Colombia","UNR","Unemployment rate","Q","Quarterly","2023-Q3","Q3-2023","PC","Percentage","0","Units",,,9.6653236965,,
"COL","Colombia","UNR","Unemployment rate","Q","Quarterly","2023-Q4","Q4-2023","PC","Percentage","0","Units",,,9.1903731944,,
"CHL","Chile","UNR","Unemployment rate","Q","Quarterly","2019-Q1","Q1-2019","PC","Percentage","0","Units",,,7.2108812217,,
"CHL","Chile","UNR","Unemployment rate","Q","Quarterly","2019-Q2","Q2-2019","PC","Percentage","0","Units",,,6.9662376355,,
"CHL","Chile","UNR","Unemployment rate","Q","Quarterly","2019-Q3","Q3-2019","PC","Percentage","0","Units",,,7.1325296233,,
"CHL","Chile","UNR","Unemployment rate","Q","Quarterly","2019-Q4","Q4-2019","PC","Percentage","0","Units",,,7.6100356561,,
"CHL","Chile","UNR","Unemployment rate","Q","Quarterly","2020-Q1","Q1-2020","PC","Percentage","0","Units",,,8.1939912071,,
"CHL","Chile","UNR","Unemployment rate","Q","Quarterly","2020-Q2","Q2-2020","PC","Percentage","0","Units",,,11.7645879771,,
"CHL","Chile","UNR","Unemployment rate","Q","Quarterly","2020-Q3","Q3-2020","PC","Percentage","0","Units",,,12.0045080826,,
"CHL","Chile","UNR","Unemployment rate","Q","Quarterly","2020-Q4","Q4-2020","PC","Percentage","0","Units",,,11.0699673313,,
"CHL","Chile","UNR","Unemployment rate","Q","Quarterly","2021-Q1","Q1-2021","PC","Percentage","0","Units",,,10.3681766395,,
"CHL","Chile","UNR","Unemployment rate","Q","Quarterly","2021-Q2","Q2-2021","PC","Percentage","0","Units",,,9.1302484516,,
"CHL","Chile","UNR","Unemployment rate","Q","Quarterly","2021-Q3","Q3-2021","PC","Percentage","0","Units",,,8.1649893053,,
"CHL","Chile","UNR","Unemployment rate","Q","Quarterly","2021-Q4","Q4-2021","PC","Percentage","0","Units",,,7.7494852106,,
"CHL","Chile","UNR","Unemployment rate","Q","Quarterly","2022-Q1","Q1-2022","PC","Percentage","0","Units",,,7.7752389173,,
"CHL","Chile","UNR","Unemployment rate","Q","Quarterly","2022-Q2","Q2-2022","PC","Percentage","0","Units",,,8.2133736873,,
"CHL","Chile","UNR","Unemployment rate","Q","Quarterly","2022-Q3","Q3-2022","PC","Percentage","0","Units",,,8.3837409496,,
"CHL","Chile","UNR","Unemployment rate","Q","Quarterly","2022-Q4","Q4-2022","PC","Percentage","0","Units",,,8.3167781135,,
"CHL","Chile","UNR","Unemployment rate","Q","Quarterly","2023-Q1","Q1-2023","PC","Percentage","0","Units",,,8.2435048093,,
"CHL","Chile","UNR","Unemployment rate","Q","Quarterly","2023-Q2","Q2-2023","PC","Percentage","0","Units",,,8.170172945,,
"CHL","Chile","UNR","Unemployment rate","Q","Quarterly","2023-Q3","Q3-2023","PC","Percentage","0","Units",,,8.0967824739,,
"CHL","Chile","UNR","Unemployment rate","Q","Quarterly","2023-Q4","Q4-2023","PC","Percentage","0","Units",,,8.023333349,,
